"Info_PepID","Info_organism_id","Info_host_id","Info_protein_id","Info_start_pos","Info_end_pos","Info_peptide","Info_peptide_length","Info_cluster","Info_split","Class","txid"
"1105030046:2","813","9606","1105030046",139,149,"VINDLPLGRSI",11,24,"split_01_20",1,"813"
"1105030247:2","813","9606","1105030247",208,217,"RTSITNTGLT",10,12,"split_04_20",1,"813"
"1279507774:2","813","9606","1279507774",155,170,"NIYESIGGSRTSGPEN",16,6,"split_01_20",1,"813"
"1279531111:2","813","9606","1279531111",644,656,"LEGSQGDTADTGT",13,8,"split_05_20",1,"813"
"129150:2","813","9606","129150",234,248,"EFTINKPKGYVGKEF",15,4,"split_02_20",1,"813"
"1450244218:2","813","9606","1450244218",157,173,"FDTTTLNPTIAGAGDVK",17,5,"split_01_20",1,"813"
"231272750:2","672161","9606","231272750",65,74,"SMLKQHELDA",10,23,"split_05_20",1,"672161"
"347974915:2","580047","9606","347974915",249,258,"ESSDLCSQIR",10,13,"split_04_20",1,"580047"
"347975210:2","580047","9606","347975210",24,33,"TGCLKEGGDS",10,21,"split_01_20",1,"580047"
"347975725:2","580047","9606","347975725",126,135,"LSKEVRNAIT",10,5,"split_01_20",1,"580047"
"347975725:4","580047","9606","347975725",592,599,"PGRFDRRV",8,5,"split_01_20",1,"580047"
"40725:2","813","9606","40725",80,93,"ATGPKQDSCFGRMY",14,5,"split_01_20",1,"813"
"497557185:2","813","9606","497557185",25,34,"CGSTYQTDKT",10,15,"split_05_20",1,"813"
"497557232:2","813","9606","497557232",25,42,"MNSCSSSRGNQPADESIY",18,7,"split_01_20",1,"813"
"497557403:2","813","9606","497557403",66,74,"ISQTSPCNF",9,25,"split_04_20",1,"813"
"497557403:4","813","9606","497557403",114,122,"SPITGKHLS",9,25,"split_04_20",1,"813"
"497557721:2","813","9606","497557721",40,48,"ALTDNQKLS",9,5,"split_01_20",1,"813"
"497557721:4","813","9606","497557721",73,80,"IKGMQSEI",8,5,"split_01_20",1,"813"
"497557721:6","813","9606","497557721",193,201,"GMQGMKEGE",9,5,"split_01_20",1,"813"
"497557722:2","813","9606","497557722",403,412,"NQALDHLRRL",10,18,"split_03_20",1,"813"
"497558025:2","813","9606","497558025",466,478,"LNQVLKNSKGENV",13,17,"split_05_20",1,"813"
"498416524:2","813","9606","498416524",436,445,"EDEQIGARIV",10,22,"split_04_20",1,"813"
"498416827:2","813","9606","498416827",764,773,"ASEDGDLSPE",10,11,"split_03_20",1,"813"
"809287703:2","813","9606","809287703",229,243,"DPLGRRTPNYQSKNP",15,10,"split_03_20",1,"813"
"809291693:2","813","9606","809291693",57,67,"RTTSSSGVSED",11,17,"split_05_20",1,"813"
"815044328:2","813","9606","815044328",94,104,"QAYNCATHRNG",11,14,"split_03_20",1,"813"
"815049807:2","813","9606","815049807",27,35,"CQQEAEEDC",9,20,"split_04_20",1,"813"
"858027587:2","813","9606","858027587",41,46,"LIYPPV",6,19,"split_04_20",1,"813"
"858029370:2","813","9606","858029370",1325,1331,"WHNQYQM",7,9,"split_03_20",1,"813"
"899151537:2","813","9606","899151537",289,298,"LKQEHTGLTD",10,16,"split_03_20",1,"813"
"AAA23128.1:1","813","9606,10000206","AAA23128.1",1,12,"MVAKNIKYNEEA",12,27,"split_05_20",-1,"813"
"AAA23128.1:3","813","9606,10000206","AAA23128.1",188,199,"DVVDGMNFNRGY",12,27,"split_05_20",1,"813"
"AAA23128.1:5","813","9606,10000206","AAA23128.1",282,293,"GDRRKAMFEDIA",12,27,"split_05_20",1,"813"
"AAB59037.1:2","813","10000000","AAB59037.1",5,20,"IFDTTTLNPTIAGAGD",16,3,"split_03_20",1,"813"
"AAC31440.2:2","813","10090","AAC31440.2",82,105,"FEMGEALAGASGNTTSTLSKLVER",24,30,"split_03_20",-1,"813"
"AAC31440.2:6","813","10000000,10000228","AAC31440.2",342,356,"TMQIVSLQLNKMKSR",15,30,"split_03_20",-1,"813"
"AAD33511.1:2","83558","9606,10000253","AAD33511.1",58,73,"FGVKGTTVNANELPNV",16,40,"split_03_20",1,"83558"
"AAD38212.1:2","85991","9940","AAD38212.1",291,305,"DGTNKFADSLQIVSL",15,5,"split_01_20",-1,"85991"
"AAD38212.1:4","85991","9940","AAD38212.1",321,335,"GATLLDADKWAITGE",15,5,"split_01_20",-1,"85991"
"AAD56046.1:2","83558","9606,10000253","AAD56046.1",67,82,"AVLNLTAWNPSLLGNA",16,10,"split_03_20",1,"83558"
"AAF38159.1:2","115711","9606","AAF38159.1",909,924,"LLRGSNNYVYNSNCEL",16,53,"split_05_20",1,"115711"
"AAF38941.1:10","243161","9913,10000000","AAF38941.1",230,272,"EFTINKPKGYVGQEFPLNIKAGTVSATDTKDASIDYHEWQASL",43,27,"split_05_20",-1,"243161"
"AAF38941.1:12","243161","9913,10000000","AAF38941.1",289,304,"WSRASFDADTIRIAQP",16,27,"split_05_20",-1,"243161"
"AAF38941.1:14","243161","10000000,9913","AAF38941.1",320,348,"ISGSGIDVDTKITDTLQIVSLQLNKMKSR",29,27,"split_05_20",-1,"243161"
"AAF38941.1:16","243161","9913,10000000","AAF38941.1",365,380,"YAVTVETRLIDERAAH",16,27,"split_05_20",-1,"243161"
"AAF38941.1:2","243161","10000000,9913","AAF38941.1",21,57,"HALPVGNPAEPSLMIDGILWEGFGGDPCDPCTTWCDA",37,27,"split_05_20",-1,"243161"
"AAF38941.1:4","243161","9913,10000000","AAF38941.1",60,79,"LRLGYYGDFVFDRVLKTDVN",20,27,"split_05_20",-1,"243161"
"AAF38941.1:6","243161","9913,10000000","AAF38941.1",83,116,"EMGAAPTGDADLTTAPTPASRENPAYGKHMQDAE",34,27,"split_05_20",-1,"243161"
"AAF38941.1:8","243161","10000000,9913","AAF38941.1",148,174,"NSAAFNLVGLFGRDETAVAADDIPNVS",27,27,"split_05_20",-1,"243161"
"AAF87800.1:2","813","10000000","AAF87800.1",159,174,"FGDNENQKTVKAESVP",16,5,"split_01_20",1,"813"
"AAF87800.1:4","813","10000000","AAF87800.1",324,339,"AGAGDVKTGAEGQLGD",16,5,"split_01_20",1,"813"
"AAG09820.1:2","813","9606","AAG09820.1",5,34,"ALGTSNGVEANNGINDLSPAPEAKKTGSGL",30,27,"split_05_20",1,"813"
"AAK00238.1:2","83556","10090,10000253","AAK00238.1",160,175,"IGLAGTDFANQRPNVE",16,36,"split_03_20",1,"83556"
"AAK00253.1:2","83559","10000253,10000000","AAK00253.1",148,163,"FGLTTTSVAAQDLPNV",16,45,"split_04_20",1,"83559"
"AAK00253.1:4","83559","10000253,10000000","AAK00253.1",309,324,"TISGKGQDAQTLQDTM",16,45,"split_04_20",1,"83559"
"AAK00263.1:2","83557","10000253","AAK00263.1",159,168,"VTGTDLQGQY",10,27,"split_05_20",1,"83557"
"AAL61630.1:2","813","10090","AAL61630.1",188,193,"FPLDLT",6,28,"split_05_20",1,"813"
"AAL61640.1:2","813","10090","AAL61640.1",222,227,"FPLDIT",6,26,"split_03_20",1,"813"
"AAL61640.1:4","813","10000000","AAL61640.1",293,299,"TLNPTIA",7,26,"split_03_20",1,"813"
"AAO67531.1:10","813","9606,10000655,9986","AAO67531.1",219,266,"PIDYIIANSQANPEVFIADSDGKLNFKEWSVCVGLTTYVNDYVLPYLA",48,32,"split_03_20",-1,"813"
"AAO67531.1:11","813","9606,10000655,9986","AAO67531.1",267,275,"FSIGSVSRQ",9,32,"split_03_20",1,"813"
"AAO67531.1:12","813","9606,10000655,9986","AAO67531.1",276,293,"APDDSFKKLEDRFTNLKF",18,32,"split_03_20",-1,"813"
"AAO67531.1:14","813","9606,10000655,9986","AAO67531.1",300,317,"SSHRGNICIGATNYVADN",18,32,"split_03_20",-1,"813"
"AAO67531.1:15","813","10000655,9986,9606","AAO67531.1",318,323,"FFYNVE",6,32,"split_03_20",1,"813"
"AAO67531.1:16","813","10000655,9986,9606","AAO67531.1",324,340,"GRWGSQRAVNVSGGFQF",17,32,"split_03_20",-1,"813"
"AAO67531.1:2","813","9606,10000655,9986","AAO67531.1",24,39,"LDAMPAGNPAFPVIPG",16,32,"split_03_20",-1,"813"
"AAO67531.1:4","813","10000655,9986,9606","AAO67531.1",74,117,"YIFSEEAQVKDVPVVTSVTTAGVGPSPDITSTTKTRNFDLVNCN",44,32,"split_03_20",-1,"813"
"AAO67531.1:5","813","9606,10000655,9986","AAO67531.1",118,139,"LNTNCVAVAFSLPDRSLSAIPL",22,32,"split_03_20",1,"813"
"AAO67531.1:6","813","9606,10000655,9986","AAO67531.1",140,185,"FDVSFEVKVGGLKQYYRLPMNAYRDFTSEPLNSESEVTDGMIEVQS",46,32,"split_03_20",-1,"813"
"AAO67531.1:7","813","9606,10000655,9986","AAO67531.1",186,191,"NYGFVW",6,32,"split_03_20",1,"813"
"AAO67531.1:8","813","9606,10000655,9986","AAO67531.1",192,212,"DVSLKKVIWKDGVSFVGVGAD",21,32,"split_03_20",-1,"813"
"AAO67531.1:9","813","9606,10000655,9986","AAO67531.1",213,218,"YRHASC",6,32,"split_03_20",1,"813"
"AAO67537.1:2","813","9606,10000655,9986","AAO67537.1",288,305,"FTNLKFKVRKITSSHRGN",18,5,"split_01_20",1,"813"
"AAP05293.1:2","227941","9913,10000000","AAP05293.1",293,312,"ATLQESTTLLKDSTTNLHAV",20,18,"split_03_20",-1,"227941"
"AAP05293.1:4","227941","9913,10000000","AAP05293.1",316,355,"LIGVMVQDGAESSTVEEASQDDSAQPQDENQSDAGEHKDS",40,18,"split_03_20",-1,"227941"
"AAQ73610.1:3","813","9606,10090","AAQ73610.1",540,563,"QALPTQEEFPLFSKKEGRPLSSGY",24,5,"split_01_20",-1,"813"
"AAQ73610.1:6","813","9606","AAQ73610.1",727,742,"EKVEEVEPAPEQKDNN",16,5,"split_01_20",1,"813"
"AAQ73610.1:9","813","9606,10090","AAQ73610.1",1039,1062,"PVQQGHAISKPEAEIESSSEPEGA",24,5,"split_01_20",-1,"813"
"AAS19616.1:10","813","9606","AAS19616.1",228,239,"SGIKDFLPVLQQ",12,26,"split_03_20",1,"813"
"AAS19616.1:12","813","9606","AAS19616.1",260,271,"ATLVVNRIRGGF",12,26,"split_03_20",1,"813"
"AAS19616.1:14","813","9606","AAS19616.1",368,382,"RLAKLSGGVAVIRVG",15,26,"split_03_20",1,"813"
"AAS19616.1:16","813","9606","AAS19616.1",411,422,"ILPGGGTALIRC",12,26,"split_03_20",1,"813"
"AAS19616.1:18","813","9606","AAS19616.1",435,446,"NEDEQIGARIVL",12,26,"split_03_20",1,"813"
"AAS19616.1:2","813","9606","AAS19616.1",8,22,"YNEEARKKIQKGVKT",15,26,"split_03_20",1,"813"
"AAS19616.1:4","813","9606","AAS19616.1",29,40,"VTLGPKGRHVVI",12,26,"split_03_20",1,"813"
"AAS19616.1:6","813","9606","AAS19616.1",94,105,"VLAEAIYTEGLR",12,26,"split_03_20",1,"813"
"AAS19616.1:8","813","9606","AAS19616.1",151,162,"SANNDAEIGNLI",12,26,"split_03_20",1,"813"
"ABB13528.1:2","83555","10000253","ABB13528.1",89,104,"PTGTAAANYKTPTDRP",16,54,"split_01_20",1,"83555"
"ABB13528.1:4","83555","10000253","ABB13528.1",153,176,"NLVGLIGVKGSSIAADQLPNVGIT",24,54,"split_01_20",1,"83555"
"ABB50999.1:2","813","10000000","ABB50999.1",331,345,"KTSAEGQLGDTMQIV",15,27,"split_05_20",-1,"813"
"ABF74614.1:2","813","10090","ABF74614.1",187,192,"LNPTIA",6,17,"split_05_20",1,"813"
"ABO20804.1:2","83556","10000000","ABO20804.1",569,598,"FSYNSGKFLPLPMPSAEVSEENSSQNAPVE",30,37,"split_04_20",-1,"83556"
"ABW17219.1:2","813","10000063,10000051,10000047","ABW17219.1",97,107,"QNDPTTNVARP",11,30,"split_03_20",-1,"813"
"ABY41240.1:2","83555","10000000","ABY41240.1",1060,1089,"KIESPTSNVYYSAHESVKQPENKTLADINS",30,10,"split_03_20",1,"83555"
"ABY58954.1:2","813","10090","ABY58954.1",64,68,"FQMGA",5,27,"split_05_20",-1,"813"
"ABY58954.1:3","813","10000047,10090","ABY58954.1",69,89,"APTTSDVAGLQNDPTTNVARP",21,27,"split_05_20",1,"813"
"ABY58954.1:5","813","9606,10090","ABY58954.1",298,321,"ILDVTTLNPTIAGKGTVVASGSEN",24,27,"split_05_20",1,"813"
"ABY58955.1:2","813","10000000,9913","ABY58955.1",297,324,"DTTTLNPTIAGAGDVKTGAEGQLGDTMQ",28,33,"split_03_20",-1,"813"
"ACA64207.1:2","85991","10000000","ACA64207.1",320,335,"PAPENNDNNNDDNAAS",16,27,"split_05_20",1,"85991"
"ACA64211.1:2","85991","9940,9913,10090","ACA64211.1",273,296,"QQAAAPAAPAAPAAPAAPAAPAAP",24,40,"split_03_20",1,"85991"
"ACA64214.1:2","85991","9940,9913,10090","ACA64214.1",304,327,"AAPAAPAAPAPENNDNNNDDNAAS",24,21,"split_01_20",1,"85991"
"ACA64221.1:1","85991","9913,10000000","ACA64221.1",1,29,"MTVNPLRTQASSILTAPVKATPLPDSRKL",29,67,"split_02_20",-1,"85991"
"ACA64221.1:3","85991","9913,10000000","ACA64221.1",100,129,"KQIDIFAAENERLKSNLSDLEKALSSLGEV",30,67,"split_02_20",-1,"85991"
"ACA64221.1:5","85991","10000000,9913","ACA64221.1",140,189,"SEDLVTQCKHILSEFNTLKLEMQEQLRPAASLIGSLSKLLSQEDIAKLTD",50,67,"split_02_20",-1,"85991"
"ACA64221.1:7","85991","9913,10000000","ACA64221.1",220,249,"QQQQQLLNQLQEQVQALEHQKQQLQQVVSQ",30,67,"split_02_20",-1,"85991"
"ACA64222.1:2","85991","9940,9913,10090","ACA64222.1",300,323,"APEAPAPEAPAPEAPAPEAPAPEN",24,5,"split_01_20",1,"85991"
"ACA64224.1:2","85991","9913,10000000","ACA64224.1",20,79,"ATPLPDSRKLSIVQIVLTAVKILAATALFVISCFGIFGCLLSIPLGIGGAIGLTCAALAC",60,10,"split_03_20",-1,"85991"
"ACA64224.1:4","85991","9913,10000000","ACA64224.1",120,149,"EKALSSLGEVSVDLDAHVKSSEDLVTQCKH",30,10,"split_03_20",-1,"85991"
"ACA96504.1:2","83555","10000000","ACA96504.1",379,402,"KWSITGEARLINERAAHMNAQFRF",24,77,"split_02_20",1,"83555"
"ACE06974.1:2","83554","10000000","ACE06974.1",333,348,"STTALPNNSGKDVLSD",16,67,"split_02_20",1,"83554"
"ACH42153.1:1","331635","9913,10000000","ACH42153.1",1,269,"MTVNPLRTQASSILTAPVKATPLPDSRKLSIVQIVLTAVKILAATALFVISCFGIFGCLLSIPLGIGGAIGLTCAALACFVIVLMSLWASPSAKEKAYQKQIDIFAAENERLKSNLSDLEKALSSLGEVSVDLDAHVKSSEDLVTQCKHILSEFNTLKLEMQEQLRPAASLIGSLSKLLSQEDIAKLTDELQDLKNKVLQTQANVILANDLLQQTQGQVQQQQQLLNQLQEQVQALEHQKQQLQQVVSQLQQAAQQAGEAQNNLIAGLG",269,55,"split_05_20",-1,"331635"
"ACH42153.1:3","331635","10000000,9913","ACH42153.1",271,296,"AIQQAAAPAAPAAPAAPAAPAAPAAP",26,55,"split_05_20",-1,"331635"
"ACH42153.1:6","331635","10000000,9913","ACH42153.1",300,326,"AAPAAPAAPAAPAPENNDNNNDDNAAS",27,55,"split_05_20",1,"331635"
"ACN63502.1:2","813","9913,10000000","ACN63502.1",11,40,"WEGFGGDPCDPCATWCDAISMRVGYYGDFV",30,41,"split_04_20",-1,"813"
"ACN63502.1:4","813","10000000,9913","ACN63502.1",54,80,"QMGAKPTTDTGNSAAPSTLTARENPAY",27,41,"split_04_20",-1,"813"
"ACN63502.1:6","813","10000000,9913","ACN63502.1",123,152,"SFNLVGLFGDNENQKTVKAESVPNMSFDQS",30,41,"split_04_20",1,"813"
"ACN63502.1:8","813","10000000,9913","ACN63502.1",308,325,"LGDTMQIVSLQLNKMKSR",18,41,"split_04_20",-1,"813"
"ACN69113.1:2","83555","9913,10000000","ACN69113.1",574,605,"QILPLPLSPTPAEESSTSNAPIESSTPVNLGV",32,27,"split_05_20",-1,"83555"
"ACN69114.1:10","83555","10000000,9913","ACN69114.1",961,970,"EDLTLRKGTK",10,43,"split_01_20",1,"83555"
"ACN69114.1:11","83555","10000000,9913","ACN69114.1",971,990,"DHEDALNDPTLIFNSKAKDD",20,43,"split_01_20",-1,"83555"
"ACN69114.1:2","83555","10000000,9913","ACN69114.1",46,93,"LDTLSMPKAELEVPSAGIFKKEKPIHAQGPKKGETDQETSLLDNTSTC",48,43,"split_01_20",-1,"83555"
"ACN69114.1:4","83555","9913,10000000","ACN69114.1",121,152,"LSWENLDTRSTNAEAEKGKTSPQYAVEDLQQG",32,43,"split_01_20",-1,"83555"
"ACN69114.1:6","83555","10000000,9913","ACN69114.1",565,584,"EVTFSYNKGQILPLPLSPTP",20,43,"split_01_20",-1,"83555"
"ACN69114.1:8","83555","9913,10000000","ACN69114.1",736,752,"GALASAAGAVSISQNLG",17,43,"split_01_20",-1,"83555"
"ACS34958.1:2","813","10000000,9606","ACS34958.1",44,52,"VLKTDVNKE",9,5,"split_01_20",1,"813"
"ACS34958.1:4","813","10000000,9606","ACS34958.1",235,244,"TKDASIDYHE",10,5,"split_01_20",1,"813"
"ACS34958.1:6","813","10000000,9606","ACS34958.1",352,361,"TRLIDERAAH",10,5,"split_01_20",1,"813"
"ACZ04360.1:2","813","10000000","ACZ04360.1",248,266,"RASFDADTIRIAQPKSAET",19,5,"split_01_20",-1,"813"
"ACZ04360.1:4","813","10001019,10000000,10000228,10000063,10000263,10000047,10000051","ACZ04360.1",271,289,"TTLNPTIAGAGDVKTSAEG",19,5,"split_01_20",-1,"813"
"ADB92481.1:1","85991","9913,10000000","ADB92481.1",1,20,"SQEDIAKLTDELQDLKNKVL",20,37,"split_04_20",-1,"85991"
"ADB92484.1:2","85991","9913,10000000","ADB92484.1",11,40,"ELQDLKNKVLQTQANVILANDLLQQTQGQV",30,67,"split_02_20",-1,"85991"
"ADB92484.1:4","85991","9913,10000000","ADB92484.1",61,90,"KQQLQQVVSQLQQAAQQAGEAQNNLIAGLG",30,67,"split_02_20",-1,"85991"
"ADB92484.1:6","85991","10000000,9913","ADB92484.1",92,111,"AIQQAAAPAAPAAPAAPAAP",20,67,"split_02_20",-1,"85991"
"ADB92485.1:2","85991","9940,9913,10090","ADB92485.1",93,116,"IHAAAPAAPAAPENNDNNDDNAAS",24,27,"split_05_20",1,"85991"
"ADB92486.1:2","85991","9940,9913,10090","ADB92486.1",118,141,"AAGAAGAAGAAGAAGENQNEGDEG",24,5,"split_01_20",-1,"85991"
"ADB92487.1:2","85991","9913,10000000","ADB92487.1",31,50,"DLLQQTQGQVQQQQQLLNQL",20,35,"split_04_20",-1,"85991"
"ADB92487.1:4","85991","10090,10000253,10000000,9913","ADB92487.1",147,162,"PAPENNDNNNDDNAAS",16,35,"split_04_20",1,"85991"
"ADB92489.1:2","85991","10000000,9913","ADB92489.1",97,113,"APAAPAAPAAPAAPAAP",17,27,"split_05_20",-1,"85991"
"ADB92489.1:3","85991","9913,10000000","ADB92489.1",114,133,"AAPAAPAAPAAPAPENNDNN",20,27,"split_05_20",1,"85991"
"ADI51294.1:2","759363","10000000","ADI51294.1",63,78,"TVSETQQQQLSTIETT",16,56,"split_05_20",1,"759363"
"ADI51486.1:2","759363","10000000","ADI51486.1",543,572,"ARAPQALPTQEEFPLFSKKEGRPLSSGYSG",30,5,"split_01_20",1,"759363"
"ADI51486.1:4","759363","10000000","ADI51486.1",1043,1072,"SGTPVQQGHAISKPEAEIESSSEPEGAHSL",30,5,"split_01_20",1,"759363"
"ADK74113.1:11","813","10000000","ADK74113.1",189,202,"VAAAALNSLRGSSY",14,34,"split_05_20",-1,"813"
"ADK74113.1:13","813","10000000","ADK74113.1",497,513,"NTTNTTPTTQSTDASTD",17,34,"split_05_20",-1,"813"
"ADK74113.1:2","813","10000000","ADK74113.1",80,95,"TSSSSTQATATSNKTS",16,34,"split_05_20",-1,"813"
"ADK74113.1:4","813","10000000","ADK74113.1",107,123,"TSESSETSSTSSSDHIP",17,34,"split_05_20",-1,"813"
"ADK74113.1:5","813","9606","ADK74113.1",124,145,"SDYDDVGSNSGDISNNYDDVGS",22,34,"split_05_20",1,"813"
"ADK74113.1:8","813","10000000,9606","ADK74113.1",152,170,"SNYDDAAADYEPIRTTENI",19,34,"split_05_20",-1,"813"
"ADK74113.1:9","813","10000000,9606","ADK74113.1",171,186,"YESIGGSRTSGPENTS",16,34,"split_05_20",1,"813"
"AEB41395.1:2","331635","9913,10000000","AEB41395.1",122,137,"DPSNKELSPNALYTKS",16,55,"split_05_20",-1,"331635"
"AEB41395.1:4","331635","9913,10000000","AEB41395.1",209,233,"IIRERRAYQRCLERLNQKEVGQEES",25,55,"split_05_20",1,"331635"
"AEB41395.1:5","331635","9913,10000000","AEB41395.1",234,251,"GSAQEVQAMRSSYVKRLR",18,55,"split_05_20",-1,"331635"
"AEB41488.1:2","331635","10000000,9913","AEB41488.1",40,65,"VKVSMVNVMLNWVREKIVDPVRNSAF",26,43,"split_01_20",-1,"331635"
"AEF01186.1:2","85991","10000000","AEF01186.1",741,756,"GASEGFVTANPQAGPA",16,5,"split_01_20",1,"85991"
"AEG87057.1:10","1112254","9913,10000000","AEG87057.1",152,179,"SSAAFNLVGLIGFSAASSISTDLPTQLP",28,76,"split_04_20",-1,"1112254"
"AEG87057.1:12","1112254","9913,10000000","AEG87057.1",250,265,"ASSNFPLPITAGTTEA",16,76,"split_04_20",-1,"1112254"
"AEG87057.1:14","1112254","9913,10000000","AEG87057.1",267,282,"DTKSATIKYHEWQVGL",16,76,"split_04_20",-1,"1112254"
"AEG87057.1:16","1112254","9913,10000000","AEG87057.1",299,315,"WSRATFDADTIRIAQPK",17,76,"split_04_20",-1,"1112254"
"AEG87057.1:18","1112254","10000000,9913","AEG87057.1",320,356,"ILNITTWNPSLIGSTTALPNNSGKDVLSDVLQIASIQ",37,76,"split_04_20",-1,"1112254"
"AEG87057.1:2","1112254","9913,10000000","AEG87057.1",21,36,"QALPVGNPAEPSLLID",16,76,"split_04_20",-1,"1112254"
"AEG87057.1:20","1112254","10000000,9913","AEG87057.1",380,395,"WSITGEARLINERAAH",16,76,"split_04_20",-1,"1112254"
"AEG87057.1:4","1112254","9913,10000000","AEG87057.1",42,57,"GASGDPCDPCATWCDA",16,76,"split_04_20",-1,"1112254"
"AEG87057.1:6","1112254","9913,10000000","AEG87057.1",60,109,"IRAGYYGDYVFDRVLKVDVNKTFSGMAATPTQATGNASNTNQPEANGRPN",50,76,"split_04_20",-1,"1112254"
"AEG87057.1:8","1112254","9913,10000000","AEG87057.1",130,145,"LNIWDRFDIFCTLGAS",16,76,"split_04_20",-1,"1112254"
"AEG87980.1:2","1112254","10000000,9913","AEG87980.1",59,98,"ASLNPENTNTLMRLTSLENACGIAVGLNSCVDTVTLVSQL",40,77,"split_02_20",-1,"1112254"
"AEG87980.1:4","1112254","9913,10000000","AEG87980.1",105,134,"YEVDSATGSFKIVTKNIQKPNGEVEIVSSR",30,77,"split_02_20",1,"1112254"
"AEP35393.1:2","580047","10000000,9913","AEP35393.1",19,34,"KAFFTQPNNKMARVVN",16,63,"split_02_20",-1,"580047"
"AEP35393.1:4","580047","9913,10000000","AEP35393.1",107,122,"SHMKAASQKTQEGDEG",16,63,"split_02_20",-1,"580047"
"AEP35491.1:2","580047","9913,10000000","AEP35491.1",53,68,"CTLARVAPGTTVSETQ",16,5,"split_01_20",-1,"580047"
"AEP35491.1:4","580047","9913,10000000","AEP35491.1",72,87,"LSTIETTLDSARSASN",16,5,"split_01_20",-1,"580047"
"AEP35491.1:6","580047","9913,10000000","AEP35491.1",106,131,"KTNPDGSFQLDPVSQQRTLLSPLSLL",26,5,"split_01_20",-1,"580047"
"AEP35491.1:8","580047","9606","AEP35491.1",190,211,"GNLKQNKPTEGTSKENGFMARL",22,5,"split_01_20",1,"580047"
"AFU23684.1:2","813","9606","AFU23684.1",2,27,"KKPVFTGGAPIPGISTEEGTGVKDQN",26,5,"split_01_20",1,"813"
"AJA30277.1:2","83554","10000000,9913","AJA30277.1",164,179,"FSAASSISTDLPTQLP",16,58,"split_02_20",-1,"83554"
"AML23449.1:2","199738","10000253","AML23449.1",127,150,"LVGLIGFSAASSISTDLPTQLPNV",24,39,"split_05_20",1,"199738"
"ANH58353.1:2","813","10000253,9606","ANH58353.1",75,98,"FQMGAKPTTDTGNSAAPSTLTARE",24,19,"split_04_20",1,"813"
"ANH58354.1:2","813","10000253,9606","ANH58354.1",306,332,"IFDTTTLNPTIAGAGDVKTGAEGQLGD",27,47,"split_05_20",1,"813"
"ANW12145.1:2","85991","10000000","ANW12145.1",86,109,"GTAPTSPNNAADSSTTAERANPAY",24,65,"split_02_20",1,"85991"
"ANW12146.1:2","85991","9940","ANW12146.1",334,348,"ADSLQIVSLQINKLK",15,27,"split_05_20",1,"85991"
"ANW12149.1:2","85991","9940","ANW12149.1",340,354,"VSLQINKLKSRKACG",15,34,"split_05_20",1,"85991"
"ANW12150.1:2","85991","9940","ANW12150.1",24,56,"LPVGNPAEPSLLIDGTIWEGMSGDPCDPCATWC",33,34,"split_05_20",-1,"85991"
"ANW12150.1:4","85991","9940","ANW12150.1",346,351,"KLKSRK",6,34,"split_05_20",1,"85991"
"ANW12150.1:5","85991","9940","ANW12150.1",352,366,"ACGVSMGATLLDADK",15,34,"split_05_20",-1,"85991"
"ANW12150.1:7","85991","9940","ANW12150.1",375,389,"LINERAAHLSAQCRF",15,34,"split_05_20",-1,"85991"
"AOZ21334.1:2","199738","10000253","AOZ21334.1",220,235,"ASSNFPLPITAGTTEA",16,27,"split_05_20",1,"199738"
"APB03046.1:2","83554","10000253","APB03046.1",81,96,"STTALPNNSGKDVLSD",16,60,"split_02_20",1,"83554"
"APD16191.1:1","85991","9940","APD16191.1",1,72,"PCDPCATWCDAISLRVGFYGDYVFDRVLKTDVSKMFLMGTAPTSPNNAADSSTTAERANPAYGKHMHDAEWF",72,34,"split_05_20",-1,"85991"
"APD16191.1:4","85991","9940","APD16191.1",79,87,"ALNIWDRFD",9,34,"split_05_20",1,"85991"
"APD16191.1:5","85991","9940","APD16191.1",88,186,"VFCTLGATSGYFKGNSSSFNLIGLIGISGSSLEGKYPNANISNGVVELYTDTTFSWSVGARGALWECGCATLGAEFQYAQSKPRVQELNVLSNVAQFTV",99,34,"split_05_20",-1,"85991"
"APD16191.1:6","85991","9940","APD16191.1",187,195,"HKPRGYVGQ",9,34,"split_05_20",1,"85991"
"APD16191.1:7","85991","9940","APD16191.1",196,258,"TLPLPLSAGTETDSSDKLKNATINYHEWQVGAALSYRLNMLVPYIGVQWSRATFDADTIQIAE",63,34,"split_05_20",-1,"85991"
"APD16191.1:8","85991","9940","APD16191.1",259,267,"PKLASPIFN",9,34,"split_05_20",1,"85991"
"APD16191.1:9","85991","9940","APD16191.1",268,291,"LTTWNPTLLGQATTVDGTNKFADS",24,34,"split_05_20",-1,"85991"
"APQ41636.1:2","813","9606,10000253,10000000","APQ41636.1",55,84,"SFNLVGLFGDNENQKTVKAESVPNMSFDQS",30,58,"split_02_20",1,"813"
"ASK39878.1:2","83557","10090","ASK39878.1",157,176,"LGVTGTDLQGQYPNVAISQG",20,35,"split_04_20",1,"83557"
"ASK39878.1:4","83557","10000000","ASK39878.1",321,336,"LGEATTINTGAKYADQ",16,35,"split_04_20",1,"83557"
"AXN75592.1:2","813","10000000,9913","AXN75592.1",13,32,"MRVGYYGDFVFDRVLKTDVN",20,74,"split_02_20",-1,"813"
"AXN75601.1:2","813","9913,10000000","AXN75601.1",76,91,"EFTINKPKGYVGQEFP",16,42,"split_05_20",-1,"813"
"AXN75601.1:4","813","9913,10000000","AXN75601.1",102,117,"TGTKDASIDYHEWQAS",16,42,"split_05_20",-1,"813"
"AXN75601.1:6","813","9913,10000000","AXN75601.1",135,167,"WSRASFDADTIRIAQPKSATAIFDTTTLNPTIA",33,42,"split_05_20",-1,"813"
"AXN75605.1:2","813","10000000,9913","AXN75605.1",20,37,"ARENPAYGRHMQDAEMFT",18,10,"split_03_20",1,"813"
"AXN75609.1:2","813","10000000,9913","AXN75609.1",163,193,"TINKPKGYVGKEFPLDLTAGTDAATGTKDAS",31,32,"split_03_20",-1,"813"
"AXN75612.1:2","813","9913,10000000","AXN75612.1",8,44,"QALPVGNPAEPSLMIDGILWEGFGGDPCDPCTTWCDA",37,65,"split_02_20",-1,"813"
"BAE80780.1:2","264202","10000000","BAE80780.1",108,137,"DSASGNFKIGVKSVKNENGETVLVPCRILK",30,55,"split_05_20",1,"264202"
"BAE81230.1:2","264202","9913,10000000","BAE81230.1",3,53,"APVENPSPMLSQVPDIRSGEREIQERNTGTTLVPGHSQTTTTLAKRTPVSE",51,18,"split_03_20",-1,"264202"
"BAE81230.1:4","264202","9913,10000000","BAE81230.1",289,347,"ASLRTSTENLKNVEGRITNSIANDRGASPSSTTVSAETDLDVSGDLEDNSDQQEDESQL",59,18,"split_03_20",-1,"264202"
"BAE93813.1:2","83554","10000000","BAE93813.1",23,46,"LVGLIGFSAASSISTDLPTQLPNV",24,18,"split_03_20",1,"83554"
"BAE93875.1:2","83555","10000000","BAE93875.1",22,45,"NLVGLIGVKGSSIAADQLPNVGIT",24,48,"split_05_20",1,"83555"
"BAG80737.1:2","83554","10000000","BAG80737.1",24,32,"PVGNPAEPS",9,27,"split_05_20",1,"83554"
"BAG80737.1:4","83554","10090","BAG80737.1",158,181,"LVGLIGFSAASSISTDLPTQLPNV",24,27,"split_05_20",1,"83554"
"BAG80737.1:6","83554","10000000","BAG80737.1",262,272,"TTEATDTKSAT",11,27,"split_05_20",1,"83554"
"BAG80737.1:8","83554","10090","BAG80737.1",329,354,"SLIGSTTALPNNSGKDVLSDVLQIAS",26,27,"split_05_20",1,"83554"
"BAJ60942.1:2","83554","10000000,9913","BAJ60942.1",42,57,"GASGDPCDPCATWCDA",16,47,"split_05_20",-1,"83554"
"BAJ60942.1:4","83554","10000000,9913","BAJ60942.1",86,109,"AATPTQATGNASNTNQPEANGRPN",24,47,"split_05_20",-1,"83554"
"BAJ60942.1:6","83554","10000000","BAJ60942.1",250,265,"ASSNFPLPITAGTTEA",16,47,"split_05_20",1,"83554"
"BAS05030.1:2","85991","9940","BAS05030.1",161,175,"ADKWAITGELRLINE",15,27,"split_05_20",-1,"85991"
"CAA06620.1:2","83555","9913,10000000","CAA06620.1",21,36,"QALPVGNPAEPSLLID",16,27,"split_05_20",-1,"83555"
"CAA06620.1:4","83555","9913,10000000","CAA06620.1",60,77,"IRAGYYGDYVFDRVLKVD",18,27,"split_05_20",-1,"83555"
"CAA06620.1:6","83555","9913,10000000","CAA06620.1",126,141,"LNIWDRFDIFCTLGAS",16,27,"split_05_20",-1,"83555"
"CAA06620.1:8","83555","10000000,9913","CAA06620.1",257,272,"DTKSATIKYHEWQVGL",16,27,"split_05_20",-1,"83555"
"CAA39396.1:4","813","10000000,9913","CAA39396.1",74,89,"PVHESKATGPKQDSCF",16,5,"split_01_20",1,"813"
"CAA39396.1:6","813","10000000,9913","CAA39396.1",145,160,"EFVRSDPATTPTADGK",16,5,"split_01_20",-1,"813"
"CAA39396.1:8","813","9913,10000000","CAA39396.1",207,222,"GQPAICVKQEGPENAC",16,5,"split_01_20",-1,"813"
"CAA54554.1:2","813","10090","CAA54554.1",82,105,"FQMGAKPTTDTGNSAAPSTLTARE",24,5,"split_01_20",1,"813"
"CAH63987.1:2","218497","9913,10000000","CAH63987.1",15,44,"NNPLSLSEGGRADEHTVVPMATQLPSPSLP",30,54,"split_01_20",-1,"218497"
"CAH63987.1:4","218497","9913,10000000","CAH63987.1",321,360,"SLASTAVTEHADIPRDPNRDPRGGRGGQSSPSVPLSAIRS",40,54,"split_01_20",-1,"218497"
"CAH64218.1:10","218497","10000000,9913","CAH64218.1",961,970,"EDLTLRKGTK",10,33,"split_03_20",1,"218497"
"CAH64218.1:11","218497","10000000,9913","CAH64218.1",971,990,"DHEDALNDPTLIFNSKAKDD",20,33,"split_03_20",-1,"218497"
"CAH64218.1:2","218497","10000000,9913","CAH64218.1",46,93,"LDTLSMPKAELEVPSAGIFKKEKPIHAQGPKKGETDQETSLLDNTSTC",48,33,"split_03_20",-1,"218497"
"CAH64218.1:4","218497","9913,10000000","CAH64218.1",121,152,"LSWENLDTRSTNAEAEKGKTSPQYAVEDLQQG",32,33,"split_03_20",-1,"218497"
"CAH64218.1:6","218497","9913,10000000","CAH64218.1",565,605,"EVTFSYNKGQILPLPLSPTPAEESSTSNAPIESSTPVNLGV",41,33,"split_03_20",-1,"218497"
"CAH64218.1:8","218497","9913,10000000","CAH64218.1",736,752,"GALASAAGAVSISQNLG",17,33,"split_03_20",-1,"218497"
"CAX10183.1:2","672161","9606,10000253","CAX10183.1",58,73,"TVSETQQQQLSTIETT",16,21,"split_01_20",1,"672161"
"CAX10183.1:4","672161","9606","CAX10183.1",101,122,"KTNPDGSFQLDPVSQQRTLLSP",22,21,"split_01_20",1,"672161"
"CAX10183.1:7","672161","9606,10000000","CAX10183.1",186,201,"NLKQNKPTEGTSKENG",16,21,"split_01_20",-1,"672161"
"CAX10183.1:8","672161","9606","CAX10183.1",202,206,"FMARL",5,21,"split_01_20",1,"672161"
"CBJ14741.1:2","634464","9606","CBJ14741.1",142,171,"AQKSKDLELAQKKIEQLQSGLKCVLEESLI",30,27,"split_05_20",1,"634464"
"CPR50885.1:2","813","9606","CPR50885.1",116,145,"TSSSDHIPSDYDDVGSNSGDISNNYDDVGS",30,53,"split_05_20",1,"813"
"CPR50885.1:4","813","9606","CPR50885.1",151,180,"SSNYDDAAADYEPIRTTENIYESIGGSRTS",30,53,"split_05_20",1,"813"
"CPR78292.1:2","813","9606","CPR78292.1",84,113,"TVTDLEAAKQQLEEKVTDLESEKQELREEL",30,5,"split_01_20",1,"813"
"CPR78292.1:4","813","9606","CPR78292.1",116,145,"AIENLDEMAYEAMEFEKEKHGIKPGRRGSI",30,5,"split_01_20",1,"813"
"CPS39765.1:2","813","10000000,9913","CPS39765.1",9,28,"SAERADCEARCARIAREESL",20,27,"split_05_20",-1,"813"
"CQB85863.1:2","813","9606","CQB85863.1",147,176,"KGSTHRYAPRDDLSPEGASLAETLARFADD",30,35,"split_04_20",1,"813"
"CQB85863.1:4","813","9606","CQB85863.1",235,264,"QGHYQDPRASDYDLPRASDYDLPRSPYPTP",30,35,"split_04_20",1,"813"
"CRH40957.1:2","813","9606","CRH40957.1",228,257,"NDPLGRRTPNYQSKNPGEYTVGNSMFYDGP",30,39,"split_05_20",1,"813"
"CRH41098.1:2","813","9606","CRH41098.1",2,27,"KKPVFTGGAPIPGISTEEGTGVKDQN",26,50,"split_04_20",1,"813"
"CRH44520.1:2","813","9606","CRH44520.1",64,93,"NRGTTTTPSRPVITQANIHHPTISGQGAQP",30,55,"split_05_20",1,"813"
"CRH44689.1:2","813","9606","CRH44689.1",17,32,"KAFFTQPNNKMARVVN",16,23,"split_05_20",1,"813"
"CRH44689.1:4","813","9606","CRH44689.1",105,120,"SHMKAASQKTQEGDEG",16,23,"split_05_20",1,"813"
"CRH46566.1:2","813","10000038","CRH46566.1",52,68,"APLLDGLPDNPQRRLAL",17,34,"split_05_20",-1,"813"
"CRH46566.1:3","813","10000038","CRH46566.1",69,80,"YEKLLEGSMLGG",12,34,"split_05_20",1,"813"
"CRH48743.1:2","813","9606","CRH48743.1",47,62,"VVESLSRRNSLVDQTQ",16,5,"split_01_20",1,"813"
"CRH48838.1:2","813","9606","CRH48838.1",77,106,"ENEEMNQLILGDQNGQDPQHVQDNSKELQK",30,44,"split_03_20",1,"813"
"CRH49556.1:2","813","9606","CRH49556.1",84,99,"IMDITEIPSINPEFVE",16,46,"split_02_20",1,"813"
"CRH70848.1:2","813","9913,10000000","CRH70848.1",108,137,"REVLGNLKQNKPTEGTSKENGFMARLKRAR",30,27,"split_05_20",-1,"813"
"CRH85886.1:2","813","9606","CRH85886.1",278,307,"RSSFSSTPPHAPVPQSEIPTSPTSTQPPSP",30,57,"split_04_20",1,"813"
"CRH89047.1:2","813","10000000,9913","CRH89047.1",6,21,"TVSETQQQQLSTIETT",16,71,"split_02_20",1,"813"
"CRI33036.1:2","83558","9606","CRI33036.1",239,254,"AQENSTAKRRRRRAAV",16,27,"split_05_20",1,"83558"
"CRI42875.1:4","83558","9940,10090,9606,10000253,10000000","CRI42875.1",201,216,"PETISDPENRNKPSAE",16,27,"split_05_20",1,"83558"
"CRI43033.1:2","83558","10000067,9606","CRI43033.1",255,274,"TLVVNKLQGLLQVTVVTIPQ",20,34,"split_05_20",-1,"83558"
"CRI45923.1:2","83558","9606","CRI45923.1",222,237,"TATDKGGGIYSKEKDS",16,5,"split_01_20",-1,"83558"
"CRI45923.1:4","83558","9606","CRI45923.1",714,729,"INNTAKRSGGGIYAPK",16,5,"split_01_20",1,"83558"
"CRI45923.1:6","83558","9606","CRI45923.1",947,962,"AGTTLETTTTNNTDGS",16,5,"split_01_20",1,"83558"
"CRI45923.1:8","83558","9606","CRI45923.1",1223,1238,"HGQVSYGRNHHNMTTK",16,5,"split_01_20",1,"83558"
"EPJ30322.1:2","1112269","10000000,9913","EPJ30322.1",60,79,"YEVDSATGSFKIVTKNIQKP",20,5,"split_01_20",1,"1112269"
"EPJ32584.1:2","1112244","9913,10000000","EPJ32584.1",14,53,"ASLNPENTNTLMRLTSLENACGIAVGLNSCVDTVTLVSQL",40,36,"split_03_20",-1,"1112244"
"EPJ32584.1:4","1112244","10000000,9913","EPJ32584.1",70,89,"KIVTKNIQKPNGEVEIVSSR",20,36,"split_03_20",1,"1112244"
"ESN89735.1:1","1405296","9913,10000000","ESN89735.1",1,40,"MTTPTLITPSSPPPTPHSSSASDIKHSSSLPKLSLLDTIQ",40,52,"split_05_20",-1,"1405296"
"ESN89735.1:3","1405296","10000000,9913","ESN89735.1",238,254,"LNISCSFREQIATQKAE",17,52,"split_05_20",-1,"1405296"
"ESN89735.1:6","1405296","10000000,9913","ESN89735.1",299,354,"PCPPRTTCPPPESSTAALLPPSDSLPHPEQPSRRTPALFSNWPLRNLFNRNKYSKL",56,52,"split_05_20",-1,"1405296"
"ETF37845.1:2","1427371","9940","ETF37845.1",333,359,"AIYCIAPQAPTGGGTGSGTTTDPTLTC",27,34,"split_05_20",-1,"1427371"
"ETF37845.1:4","1427371","9940","ETF37845.1",399,413,"SAKGGAISVANSGTL",15,34,"split_05_20",-1,"1427371"
"ETF37845.1:6","1427371","9940","ETF37845.1",429,449,"TVNTTTNTGTTSTHNAIHFNE",21,34,"split_05_20",-1,"1427371"
"ETF37845.1:8","1427371","9940","ETF37845.1",501,531,"IVFSGEKLPPNEAAEKNNVTSTINQQVTFEN",31,34,"split_05_20",-1,"1427371"
"KDU81396.1:2","83560","10000253","KDU81396.1",99,114,"KEKAPESIPMSDLSSS",16,49,"split_03_20",1,"83560"
"KDU81396.1:4","83560","10000253","KDU81396.1",120,135,"LEKLVDSSSSLGSILC",16,49,"split_03_20",1,"83560"
"KPZ36396.1:2","1050221","10000253","KPZ36396.1",105,134,"YEVDSATGSFKIVTKNIQKPNGEVEIVSSR",30,51,"split_05_20",1,"1050221"
"KTF28514.1:2","85991","9913,10000000","KTF28514.1",70,109,"IGLTCAALACFVIVLMSLWASPSAKEKAYQKQIDIFAAEN",40,34,"split_05_20",-1,"85991"
"NP_220200.1:11","272561","10000000,9913","NP_220200.1",226,232,"NVLCNAA",7,27,"split_05_20",-1,"272561"
"NP_220200.1:13","272561","10000000,9913","NP_220200.1",235,243,"TINKPKGYV",9,27,"split_05_20",-1,"272561"
"NP_220200.1:14","272561","10000000,9913","NP_220200.1",244,248,"GKEFP",5,27,"split_05_20",1,"272561"
"NP_220200.1:16","272561","10000000,9913","NP_220200.1",253,258,"AGTDAA",6,27,"split_05_20",1,"272561"
"NP_220200.1:17","272561","10000000,9913","NP_220200.1",259,274,"TGTKDASIDYHEWQAS",16,27,"split_05_20",-1,"272561"
"NP_220200.1:19","272561","9913,10000000","NP_220200.1",306,354,"QPKSATAIFDTTTLNPTIAGAGDVKTGAEGQLGDTMQIVSLQLNKMKSR",49,27,"split_05_20",-1,"272561"
"NP_220200.1:2","272561","9913,10000000","NP_220200.1",21,79,"QALPVGNPAEPSLMIDGILWEGFGGDPCDPCATWCDAISMRVGYYGDFVFDRVLKTDVN",59,27,"split_05_20",-1,"272561"
"NP_220200.1:21","272561","9913,10000000","NP_220200.1",378,393,"RLIDERAAHVNAQFRF",16,27,"split_05_20",1,"272561"
"NP_220200.1:4","272561","9913,10000000","NP_220200.1",83,103,"QMGAKPTTDTGNSAAPSTLTA",21,27,"split_05_20",-1,"272561"
"NP_220200.1:5","272561","9913,10000000","NP_220200.1",104,120,"RENPAYGRHMQDAEMFT",17,27,"split_05_20",1,"272561"
"NP_220200.1:7","272561","9913,10000000","NP_220200.1",126,141,"ALNIWDRFDVFCTLGA",16,27,"split_05_20",-1,"272561"
"NP_220200.1:9","272561","10000000,9913","NP_220200.1",152,181,"SFNLVGLFGDNENQKTVKAESVPNMSFDQS",30,27,"split_05_20",1,"272561"
"NP_224227.1:2","115713","9606,10090","NP_224227.1",24,39,"AATTEELSASNSFDGT",16,10,"split_03_20",-1,"115713"
"NP_224227.1:4","115713","9606,10090","NP_224227.1",64,79,"VVIENVPKTGETQSTS",16,10,"split_03_20",1,"115713"
"NP_224395.1:2","115713","9913,10000000","NP_224395.1",85,104,"GLILKDSISGGEERRLREEV",20,2,"split_04_20",-1,"115713"
"NP_224395.1:4","115713","9913,10000000","NP_224395.1",191,210,"LKKLISGWDSKVVEQINTSI",20,2,"split_04_20",-1,"115713"
"NP_224395.1:6","115713","9913,10000000","NP_224395.1",219,238,"QEWVQEAQTHVKAMQEQIQA",20,2,"split_04_20",-1,"115713"
"NP_224395.1:9","115713","10000000,9913,9606,10090","NP_224395.1",373,380,"PPVSQPSS",8,2,"split_04_20",-1,"115713"
"NP_224511.1:2","115713","9606,10090","NP_224511.1",91,120,"PKTEPSNLEASPKGSSEEVSPATTPQAASA",30,5,"split_01_20",1,"115713"
"NP_224644.1:10","115713","9606,10090","NP_224644.1",714,729,"INNTAKRSGGGIYAPK",16,78,"split_02_20",-1,"115713"
"NP_224644.1:12","115713","10090,9606","NP_224644.1",872,887,"ASVPVVPVAPANPNTG",16,78,"split_02_20",-1,"115713"
"NP_224644.1:14","115713","9606,10090","NP_224644.1",899,914,"QDASIPANTTTILNQK",16,78,"split_02_20",-1,"115713"
"NP_224644.1:16","115713","9606,10090","NP_224644.1",947,962,"AGTTLETTTTNNTDGS",16,78,"split_02_20",-1,"115713"
"NP_224644.1:18","115713","9606,10090","NP_224644.1",1032,1047,"NLDDFNPIPSSMAAPD",16,78,"split_02_20",-1,"115713"
"NP_224644.1:2","115713","9606,10090","NP_224644.1",164,179,"NTSEKDGAAVSAYSID",16,78,"split_02_20",-1,"115713"
"NP_224644.1:20","115713","9606,10090","NP_224644.1",1223,1238,"HGQVSYGRNHHNMTTK",16,78,"split_02_20",-1,"115713"
"NP_224644.1:4","115713","10090,9606","NP_224644.1",181,196,"AKTTTAALLDQNTSTK",16,78,"split_02_20",-1,"115713"
"NP_224644.1:6","115713","9606,10090","NP_224644.1",222,237,"TATDKGGGIYSKEKDS",16,78,"split_02_20",1,"115713"
"NP_224644.1:8","115713","9606,10090","NP_224644.1",697,712,"DIATKSLTLTENESLS",16,78,"split_02_20",-1,"115713"
"NP_224649.1:2","115713","9606,10090","NP_224649.1",334,349,"FVRNTLTTTGSTDTPK",16,54,"split_01_20",-1,"115713"
"NP_224649.1:4","115713","9606,10090","NP_224649.1",487,502,"GLKQPVSLTAKGASNK",16,54,"split_01_20",-1,"115713"
"NP_224649.1:6","115713","9606,10090","NP_224649.1",720,735,"GRAKFSESAIEKFPRE",16,54,"split_01_20",-1,"115713"
"NP_224649.1:8","115713","9606,10090","NP_224649.1",888,903,"LLRGSNNYVYNSNCEL",16,54,"split_01_20",-1,"115713"
"NP_224752.1:2","115713","9606,10090","NP_224752.1",173,180,"TTPVLNDG",8,41,"split_04_20",1,"115713"
"NP_224752.1:3","115713","9606,10090","NP_224752.1",181,196,"RGTPVLSPLVSKIARV",16,41,"split_04_20",-1,"115713"
"NP_224844.1:2","115713","9606,10090","NP_224844.1",139,154,"KERKTPGEYSKMLLTR",16,39,"split_05_20",1,"115713"
"NP_224873.1:2","115713","9606,10090","NP_224873.1",209,224,"TSSTGPVPQAVTVAKD",16,33,"split_03_20",1,"115713"
"NP_224873.1:4","115713","9606,10090","NP_224873.1",233,248,"AIKNLENPKPGNDPDG",16,33,"split_03_20",-1,"115713"
"NP_224873.1:6","115713","9606,10090","NP_224873.1",265,280,"DPGESIQNFLETRVSD",16,33,"split_03_20",-1,"115713"
"NP_224891.1:11","115713","10000000,10000067","NP_224891.1",303,337,"QPKLPTAVLNLTAWNPSLLGNATALSTTDSFSDFM",35,5,"split_01_20",-1,"115713"
"NP_224891.1:2","115713","10000000,10000067","NP_224891.1",78,91,"DAPKTFSMGAKPTG",14,5,"split_01_20",-1,"115713"
"NP_224891.1:3","115713","10000000,10000067,9606,10090","NP_224891.1",92,103,"SAAANYTTAVDR",12,5,"split_01_20",1,"115713"
"NP_224891.1:6","115713","10000000,10000067","NP_224891.1",156,182,"GLFGVKGTTVNANELPNVSLSNGVVEL",27,5,"split_01_20",-1,"115713"
"NP_224891.1:8","115713","10000000,10000067","NP_224891.1",238,249,"GYKGVAFPLPTD",12,5,"split_01_20",1,"115713"
"NP_224891.1:9","115713","10000000,10000067,9606,10090","NP_224891.1",250,259,"AGVATATGTK",10,5,"split_01_20",-1,"115713"
"NP_224898.1:2","115713","9606,10090","NP_224898.1",77,92,"HTKKTTPGSIPSKVFS",16,54,"split_01_20",-1,"115713"
"NP_224898.1:4","115713","9606,10090","NP_224898.1",104,119,"KTSGSAFPAKPTTLKE",16,54,"split_01_20",1,"115713"
"NP_224898.1:6","115713","9606,10090","NP_224898.1",196,211,"TEKDVQPKTQATPHAS",16,54,"split_01_20",-1,"115713"
"NP_224948.1:2","115713","9606,10090","NP_224948.1",201,216,"PETISDPENRNKPSAE",16,43,"split_01_20",1,"115713"
"NP_225049.1:2","115713","10000655","NP_225049.1",48,63,"QTGWCAFQLCNSYDLF",16,33,"split_03_20",1,"115713"
"NP_225049.1:4","115713","10000655","NP_225049.1",183,202,"GLIEVQSDYGIVWGLSLQKV",20,33,"split_03_20",1,"115713"
"NP_225049.1:6","115713","10000655","NP_225049.1",265,285,"VLPYASVSIGNTSRKAPSDSF",21,33,"split_03_20",1,"115713"
"NP_225049.1:8","115713","10000655","NP_225049.1",292,309,"FTNFKFKIRKITNFDRVN",18,33,"split_03_20",1,"115713"
"NP_225156.1:10","115713","9913,10000000,9606,10090","NP_225156.1",169,186,"SGLKEVSSDLPKSPETAV",18,2,"split_04_20",-1,"115713"
"NP_225156.1:12","115713","9913,10000000,9606,10090","NP_225156.1",191,206,"EDLEISENISARDPLQ",16,2,"split_04_20",-1,"115713"
"NP_225156.1:14","115713","9913,10000000","NP_225156.1",214,229,"NTSSQSISEKDSSFQG",16,2,"split_04_20",-1,"115713"
"NP_225156.1:16","115713","9913,10000000","NP_225156.1",286,301,"VNIVVTHCGDVTLTDC",16,2,"split_04_20",-1,"115713"
"NP_225156.1:18","115713","10000000,9913","NP_225156.1",322,337,"VFTARNHEVQNNLAGG",16,2,"split_04_20",-1,"115713"
"NP_225156.1:2","115713","9913,10000000","NP_225156.1",46,77,"KQFEEHSAHVEEAQTSVLKGSDPVNPSQKESE",32,2,"split_04_20",-1,"115713"
"NP_225156.1:20","115713","10000000,9913","NP_225156.1",368,383,"FVYSNNENTALWKENQ",16,2,"split_04_20",-1,"115713"
"NP_225156.1:22","115713","9913,10000000","NP_225156.1",433,448,"AQGTLTLRNNAVVQCV",16,2,"split_04_20",-1,"115713"
"NP_225156.1:24","115713","9913,10000000,9606,10090","NP_225156.1",521,536,"RSNPKLEQKDSGENIN",16,2,"split_04_20",-1,"115713"
"NP_225156.1:26","115713","9913,10000000","NP_225156.1",631,655,"AQKYVAPQETAPVESDASSTNKDEK",25,2,"split_04_20",-1,"115713"
"NP_225156.1:29","115713","9913,10000000,9606,10090","NP_225156.1",717,732,"LGGGEESSTVGDLAIV",16,2,"split_04_20",-1,"115713"
"NP_225156.1:31","115713","9913,10000000","NP_225156.1",818,839,"TRLGGAGVAAPQGSVTICGNQG",22,2,"split_04_20",-1,"115713"
"NP_225156.1:33","115713","9913,10000000","NP_225156.1",841,860,"IAFKENFVFGSENQRSGGGA",20,2,"split_04_20",-1,"115713"
"NP_225156.1:35","115713","9913,10000000","NP_225156.1",952,967,"NVSFYGNRAPSGAGVQ",16,2,"split_04_20",-1,"115713"
"NP_225156.1:37","115713","9913,10000000","NP_225156.1",1030,1045,"TIRGLPDKDVSPLSAP",16,2,"split_04_20",-1,"115713"
"NP_225156.1:39","115713","9606,10090","NP_225156.1",1119,1150,"SQVDSSAPLPTENKEETLVSAGVQINMSSPTP",32,2,"split_04_20",-1,"115713"
"NP_225156.1:4","115713","9913,10000000","NP_225156.1",80,95,"LYTQVPLTQGSSGESL",16,2,"split_04_20",-1,"115713"
"NP_225156.1:40","115713","10000000,9913,9606,10090","NP_225156.1",1151,1170,"NKDKAVDTPVLADIISITVD",20,2,"split_04_20",1,"115713"
"NP_225156.1:42","115713","10000000,9913","NP_225156.1",1230,1245,"LKTAEGMTGTPTADAS",16,2,"split_04_20",-1,"115713"
"NP_225156.1:6","115713","9913,10000000","NP_225156.1",125,155,"SDLDTRNFSQPTQEPDTSNAVSEKISSDTKE",31,2,"split_04_20",-1,"115713"
"NP_225156.1:9","115713","9913,10000000,9606,10090","NP_225156.1",161,168,"ETEDPSKK",8,2,"split_04_20",1,"115713"
"NP_876615.1:10","182082","9606,10000618","NP_876615.1",233,252,"RGIHVDIIIDRSHSKLTFKQ",20,5,"split_01_20",1,"182082"
"NP_876615.1:12","182082","9606,10000618","NP_876615.1",298,311,"LNDESLIILENLTK",14,5,"split_01_20",-1,"182082"
"NP_876615.1:14","182082","9606,10000618","NP_876615.1",324,338,"LAKHSEHPTVDDEEK",15,5,"split_01_20",-1,"182082"
"NP_876615.1:2","182082","9606,10000618","NP_876615.1",20,33,"LVGIFARAPRGDTF",14,5,"split_01_20",-1,"182082"
"NP_876615.1:4","182082","9606,10000618","NP_876615.1",95,108,"TIYYQKFKIPQILK",14,5,"split_01_20",-1,"182082"
"NP_876615.1:6","182082","9606,10000618","NP_876615.1",143,156,"ANYTNLSLRLDNNL",14,5,"split_01_20",1,"182082"
"NP_876615.1:8","182082","9606,10000618","NP_876615.1",187,206,"FVLPQDRKIAIQAVLEKIQT",20,5,"split_01_20",1,"182082"
"O84449.1:2","272561","9606","O84449.1",135,150,"VVESLSRRNSLVDQTQ",16,63,"split_02_20",1,"272561"
"O84534:2","813","9913,10000000","O84534",17,32,"KAFFTQPNNKMARVVN",16,55,"split_05_20",-1,"813"
"O84534:4","813","9913,10000000","O84534",105,120,"SHMKAASQKTQEGDEG",16,55,"split_05_20",-1,"813"
"O84534:6","813","9913,10000000","O84534",200,237,"SAERADCEARCARIAREESLLEVPGEENACEKKVAGEK",38,55,"split_05_20",-1,"813"
"O84623:2","813","9913,10000000","O84623",48,63,"CTLARVAPGTTVSETQ",16,4,"split_02_20",-1,"813"
"O84623:4","813","10000000,9913","O84623",67,82,"LSTIETTLDSARSASN",16,4,"split_02_20",-1,"813"
"O84623:6","813","9913,10000000","O84623",101,126,"KTNPDGSFQLDPVSQQRTLLSPLSLL",26,4,"split_02_20",-1,"813"
"O84623:8","813","9913,10000000","O84623",181,210,"REVLGNLKQNKPTEGTSKENGFMARLKRAR",30,4,"split_02_20",-1,"813"
"P08780.1:2","813","10000051,10000047","P08780.1",91,101,"SDVAGLQNDPT",11,5,"split_01_20",1,"813"
"P0CC04:10","272561","9913,10000000","P0CC04",197,222,"CPEIRSVTKCGQPAICVKQEGPENAC",26,3,"split_03_20",-1,"272561"
"P0CC04:12","272561","9913,10000000","P0CC04",247,262,"ENPVPDGYAHSSGQRV",16,3,"split_03_20",-1,"272561"
"P0CC04:14","272561","10000000,9913","P0CC04",321,336,"IAGADWSYVCKPVEYV",16,3,"split_03_20",-1,"272561"
"P0CC04:16","272561","9913,10000000","P0CC04",479,494,"PVSFSGPTKGTITGNT",16,3,"split_03_20",-1,"272561"
"P0CC04:18","272561","9913,10000000","P0CC04",509,547,"VEFSVTLKAVSAGDARGEAILSSDTLTVPVSDTENTHIY",39,3,"split_03_20",-1,"272561"
"P0CC04:2","272561","9913,10000000","P0CC04",37,54,"NVISLADTKAKDNTSHKS",18,3,"split_03_20",1,"272561"
"P0CC04:3","272561","9913,10000000","P0CC04",55,72,"KKARKNHSKETPVDRKEV",18,3,"split_03_20",-1,"272561"
"P0CC04:4","272561","10000000,9913","P0CC04",73,89,"APVHESKATGPKQDSCF",17,3,"split_03_20",1,"272561"
"P0CC04:6","272561","9913,10000000","P0CC04",107,122,"QAVPEYATVGSPYPIE",16,3,"split_03_20",-1,"272561"
"P0CC04:8","272561","9913,10000000","P0CC04",145,160,"EFVRSDPATTPTADGK",16,3,"split_03_20",-1,"272561"
"P0DPS6:2","272561","9913,10000000","P0DPS6",97,165,"KRSPEEIEGAARPSDQQESGGRLSEESASPQASPTSSTFGLESALRSIGDSVSGAFDDINKDNSRSRSH",69,17,"split_05_20",-1,"272561"
"P16155.1:2","813","9606,10090","P16155.1",314,337,"VVDITTLNPTIAGCGSVAGANTEG",24,18,"split_03_20",1,"813"
"P16567.1:2","218497","10090","P16567.1",89,100,"PTGTAAANYKTP",12,34,"split_05_20",1,"218497"
"P16567.1:4","218497","9940,10090","P16567.1",153,176,"NLVGLIGVKGSSIAADQLPNVGIT",24,34,"split_05_20",1,"218497"
"P16567.1:6","218497","10090","P16567.1",308,321,"AAVLNLTTWNPTLL",14,34,"split_05_20",1,"218497"
"P17203:10","813","10000206,9606","P17203",260,271,"ATLVVNRIRGGF",12,3,"split_03_20",1,"813"
"P17203:12","813","9606,10000206","P17203",411,422,"ILPGGGTALIRC",12,3,"split_03_20",1,"813"
"P17203:14","813","10000038,10000067,10000206,9606","P17203",435,446,"NEDEQIGARIVL",12,3,"split_03_20",1,"813"
"P17203:2","813","9606","P17203",29,40,"VTLGPKGRHVVI",12,3,"split_03_20",1,"813"
"P17203:4","813","10000206,9606","P17203",94,105,"VLAEAIYTEGLR",12,3,"split_03_20",1,"813"
"P17203:6","813","10000206,9606","P17203",151,162,"SANNDAEIGNLI",12,3,"split_03_20",1,"813"
"P17203:8","813","9606","P17203",228,239,"SGIKDFLPVLQQ",12,3,"split_03_20",1,"813"
"P17451.1:2","813","10000047","P17451.1",309,338,"SATAIFDTTTLNPTIAGAGDVKASAEGQLG",30,1,"split_05_20",1,"813"
"P23421.1:2","813","10000206","P23421.1",335,341,"EGQLGDT",7,29,"split_02_20",1,"813"
"P26758.1:2","813","10000000,9913","P26758.1",55,72,"KKARKNHSKETPVDRKEV",18,72,"split_02_20",-1,"813"
"P26758.1:3","813","10000000,9913","P26758.1",73,82,"APVHESKATG",10,72,"split_02_20",1,"813"
"Q00087.1:2","83554","9986","Q00087.1",302,310,"IRIAQPKLA",9,2,"split_04_20",1,"83554"
"Q00087.1:4","83554","9986,9940,9913","Q00087.1",314,325,"LNLTTWNPTLLG",12,2,"split_04_20",1,"83554"
"Q46409.1:2","272561","10000067","Q46409.1",235,246,"TINKPKGYVGKE",12,31,"split_04_20",1,"272561"
"Q46409.1:4","272561","10090,9606","Q46409.1",313,339,"IFDTTTLNPTIAGAGDVKTGAEGQLGD",27,31,"split_04_20",1,"272561"
"SHN95033.1:2","83555","10000253","SHN95033.1",324,353,"STAVTEHADIPRDPNRDPRGGRGGQSSPSV",30,28,"split_05_20",1,"83555"
"SIU03141.1:2","83559","9913,10000000","SIU03141.1",10,29,"SSPPPTPHSSSASDIKHSSS",20,75,"split_02_20",-1,"83559"
"UFV53771.1:2","813","10000000","UFV53771.1",724,739,"KVETADINSDKQEAEE",16,5,"split_01_20",1,"813"
"UFV53771.1:4","813","10000000","UFV53771.1",1038,1053,"EIGDLEDSVNSEKTPS",16,5,"split_01_20",1,"813"
"WP_009871391.1:1","813","10000038","WP_009871391.1",1,15,"MSRQNAEENLKNFAK",15,34,"split_05_20",-1,"813"
"WP_009871391.1:3","813","10000038","WP_009871391.1",19,67,"LPDVAFDQNNTCILFVDGEFSLHLTYEEHSDRLYVYAPLLDGLPDNPQR",49,34,"split_05_20",-1,"813"
"WP_009871391.1:5","813","10000038","WP_009871391.1",71,161,"LYEKLLEGSMLGGQMAGGGVGVATKEQLILMHCVLDMKYAETNLLKAFAQLFIETVVKWRTVCSDISAGREPTVDTMPQMPQGGGGGIQPP",91,34,"split_05_20",-1,"813"
"WP_009871391.1:6","813","10000038","WP_009871391.1",162,167,"PAGIRA",6,34,"split_05_20",1,"813"
"WP_009872389.1:2","813","10000000,9913","WP_009872389.1",128,165,"ASPTSSTFGLESALRSIGDSVSGAFDDINKDNSRSRSH",38,74,"split_02_20",-1,"813"
"WP_009872792.1:2","813","10000000","WP_009872792.1",181,210,"REVLGNLKQNKPTEGTSKENGFMARLKRAR",30,77,"split_02_20",1,"813"
"WP_009873573.1:2","813","9606","WP_009873573.1",97,112,"KRSPEEIEGAARPSDQ",16,51,"split_05_20",1,"813"
"WP_009873573.1:4","813","9606","WP_009873573.1",149,164,"SGAFDDINKDNSRSRS",16,51,"split_05_20",1,"813"
"WP_010229791.1:2","83560","10090","WP_010229791.1",719,742,"EENEEKVETADINSDKQEAEERSL",24,27,"split_05_20",1,"83560"
"WP_010229791.1:4","83560","10090","WP_010229791.1",1033,1056,"QENNAEIGDLEDSVNSEKTPSLWI",24,27,"split_05_20",1,"83560"
"WP_010230352.1:2","83560","10000000","WP_010230352.1",124,139,"LEKLVDSSSSLGSILC",16,27,"split_05_20",1,"83560"
"WP_010231662.1:2","83560","10000253,10000000","WP_010231662.1",207,222,"RCDRIRCSEDGEICEG",16,5,"split_01_20",1,"83560"
"WP_010231910.1:3","83560","9940,10090,10000253,10000000","WP_010231910.1",190,205,"TKDKCCDSTQGNSFME",16,27,"split_05_20",1,"83560"
"WP_010232357.1:2","83560","10000253","WP_010232357.1",91,104,"DADLTTAPTPASRE",14,5,"split_01_20",1,"83560"
"WP_010232357.1:4","83560","10000253","WP_010232357.1",160,170,"RDETAVAADDI",11,5,"split_01_20",1,"83560"
"WP_010232357.1:6","83560","10000253","WP_010232357.1",242,257,"QEFPLNIKAGTVSATD",16,5,"split_01_20",1,"83560"
"WP_010232357.1:8","83560","10000253","WP_010232357.1",320,335,"ISGSGIDVDTKITDTL",16,5,"split_01_20",1,"83560"
"WP_010725202.1:2","813","9606","WP_010725202.1",63,78,"TVVNYTNSASAPNVTV",16,61,"split_02_20",1,"813"
"WP_010725300.1:2","813","10000000","WP_010725300.1",82,105,"FQMGAKPTTDTGNSAAPSTLTARE",24,69,"split_02_20",1,"813"
"WP_010882784.1:2","83558","9606","WP_010882784.1",259,288,"LATLVVNRLRAGFRVCAVKAPGFGDRRKAM",30,5,"split_01_20",1,"83558"
"WP_010882837.1:2","83558","9913,10000000","WP_010882837.1",85,104,"GLILKDSISGGEERRLREEV",20,27,"split_05_20",-1,"83558"
"WP_010882837.1:4","83558","9913,10000000","WP_010882837.1",191,210,"LKKLISGWDSKVVEQINTSI",20,27,"split_05_20",-1,"83558"
"WP_010882837.1:6","83558","9913,10000000","WP_010882837.1",219,238,"QEWVQEAQTHVKAMQEQIQA",20,27,"split_05_20",-1,"83558"
"WP_010882837.1:9","83558","10000000,9913","WP_010882837.1",371,380,"GTPPVSQPSS",10,27,"split_05_20",-1,"83558"
"WP_010883286.1:2","83558","10000253,9606","WP_010883286.1",236,275,"RAKESLYNERCALENQQSQLSGDVILSAERALRKEHVATL",40,34,"split_05_20",-1,"83558"
"WP_010883333.1:2","83558","10000253,9606","WP_010883333.1",89,104,"PTGSAAANYTTAVDRP",16,39,"split_05_20",-1,"83558"
"WP_010883333.1:4","83558","9913,10000000","WP_010883333.1",125,140,"ALNIWDRFDVFCTLGA",16,39,"split_05_20",-1,"83558"
"WP_010883333.1:6","83558","10000000","WP_010883333.1",158,173,"FGVKGTTVNANELPNV",16,39,"split_05_20",1,"83558"
"WP_010883333.1:8","83558","10000000","WP_010883333.1",242,257,"VAFPLPTDAGVATATG",16,39,"split_05_20",1,"83558"
"WP_010883340.1:2","83558","9606","WP_010883340.1",77,92,"HTKKTTPGSIPSKVFS",16,40,"split_03_20",1,"83558"
"WP_010883596.1:10","83558","9913,10000000","WP_010883596.1",214,229,"NTSSQSISEKDSSFQG",16,27,"split_05_20",-1,"83558"
"WP_010883596.1:12","83558","9913,10000000","WP_010883596.1",286,301,"VNIVVTHCGDVTLTDC",16,27,"split_05_20",-1,"83558"
"WP_010883596.1:14","83558","10000000,9913","WP_010883596.1",322,337,"VFTARNHEVQNNLAGG",16,27,"split_05_20",-1,"83558"
"WP_010883596.1:16","83558","9913,10000000","WP_010883596.1",433,448,"AQGTLTLRNNAVVQCV",16,27,"split_05_20",-1,"83558"
"WP_010883596.1:18","83558","10000000,9913","WP_010883596.1",521,536,"RSNPKLEQKDSGENIN",16,27,"split_05_20",-1,"83558"
"WP_010883596.1:2","83558","10000000,9913","WP_010883596.1",46,77,"KQFEEHSAHVEEAQTSVLKGSDPVNPSQKESE",32,27,"split_05_20",-1,"83558"
"WP_010883596.1:20","83558","10000000,9913","WP_010883596.1",631,667,"AQKYVAPQETAPVESDASSTNKDEKSLNACSHGDHYP",37,27,"split_05_20",-1,"83558"
"WP_010883596.1:22","83558","10000000,9913","WP_010883596.1",669,677,"KTVEEEVPP",9,27,"split_05_20",-1,"83558"
"WP_010883596.1:23","83558","10000000,9913","WP_010883596.1",678,693,"SLLEEHPVVSSTDIRG",16,27,"split_05_20",1,"83558"
"WP_010883596.1:25","83558","9913,10000000","WP_010883596.1",717,732,"LGGGEESSTVGDLAIV",16,27,"split_05_20",-1,"83558"
"WP_010883596.1:27","83558","9913,10000000","WP_010883596.1",818,839,"TRLGGAGVAAPQGSVTICGNQG",22,27,"split_05_20",-1,"83558"
"WP_010883596.1:29","83558","9913,10000000","WP_010883596.1",841,860,"IAFKENFVFGSENQRSGGGA",20,27,"split_05_20",-1,"83558"
"WP_010883596.1:31","83558","9913,10000000","WP_010883596.1",952,967,"NVSFYGNRAPSGAGVQ",16,27,"split_05_20",-1,"83558"
"WP_010883596.1:33","83558","10000000,9913","WP_010883596.1",1030,1045,"TIRGLPDKDVSPLSAP",16,27,"split_05_20",-1,"83558"
"WP_010883596.1:35","83558","10000000,9913","WP_010883596.1",1121,1158,"VDSSAPLPTENKEETLVSAGVQINMSSPTPNKDKAVDT",38,27,"split_05_20",-1,"83558"
"WP_010883596.1:36","83558","10000000,9913","WP_010883596.1",1159,1170,"PVLADIISITVD",12,27,"split_05_20",1,"83558"
"WP_010883596.1:38","83558","9913,10000000","WP_010883596.1",1230,1245,"LKTAEGMTGTPTADAS",16,27,"split_05_20",-1,"83558"
"WP_010883596.1:4","83558","9913,10000000","WP_010883596.1",80,95,"LYTQVPLTQGSSGESL",16,27,"split_05_20",-1,"83558"
"WP_010883596.1:6","83558","10000000,9913","WP_010883596.1",125,186,"SDLDTRNFSQPTQEPDTSNAVSEKISSDTKENRKDLETEDPSKKSGLKEVSSDLPKSPETAV",62,27,"split_05_20",-1,"83558"
"WP_010883596.1:8","83558","9913,10000000","WP_010883596.1",191,206,"EDLEISENISARDPLQ",16,27,"split_05_20",-1,"83558"
"WP_010891148.1:2","83554","10000000","WP_010891148.1",109,119,"KKYKTSRNKNE",11,64,"split_02_20",1,"83554"
"WP_010891148.1:4","83554","10000000","WP_010891148.1",173,181,"EGLTPKENK",9,64,"split_02_20",1,"83554"
"WP_010895395.1:10","83558","10000253,9606","WP_010895395.1",1165,1170,"ISITVD",6,27,"split_05_20",1,"83558"
"WP_010895395.1:4","83558","9606","WP_010895395.1",521,536,"RSNPKLEQKDSGENIN",16,27,"split_05_20",1,"83558"
"WP_010895395.1:8","83558","10000253,9606","WP_010895395.1",1131,1140,"NKEETLVSAG",10,27,"split_05_20",1,"83558"
"WP_010895395.1:9","83558","9606,10090,10000253","WP_010895395.1",1141,1164,"VQINMSSPTPNKDKAVDTPVLADI",24,27,"split_05_20",-1,"83558"
"WP_010904265.1:10","83560","9913,10000000","WP_010904265.1",257,272,"DTKDASIDYHEWQASL",16,61,"split_02_20",-1,"83560"
"WP_010904265.1:12","83560","10000000,9913","WP_010904265.1",320,348,"ISGSGIDVDTKITDTLQIVSLQLNKMKSR",29,61,"split_02_20",-1,"83560"
"WP_010904265.1:2","83560","9913,10000000","WP_010904265.1",21,40,"HALPVGNPAEPSLMIDGILW",20,61,"split_02_20",-1,"83560"
"WP_010904265.1:4","83560","9913,10000000","WP_010904265.1",60,79,"LRLGYYGDFVFDRVLKTDVN",20,61,"split_02_20",-1,"83560"
"WP_010904265.1:6","83560","10000000,9913","WP_010904265.1",99,116,"TPASRENPAYGKHMQDAE",18,61,"split_02_20",-1,"83560"
"WP_010904265.1:8","83560","9913,10000000","WP_010904265.1",148,174,"NSAAFNLVGLFGRDETAVAADDIPNVS",27,61,"split_02_20",-1,"83560"
"WP_011006508.1:2","83557","9913,10000000","WP_011006508.1",293,312,"ATLQESTTLLKDSTTNLHAV",20,18,"split_03_20",-1,"83557"
"WP_011006956.1:2","83557","10000253,10000000","WP_011006956.1",134,163,"EVDAQTGNFVLQTKTVQLEDGTQRVVPSRV",30,3,"split_03_20",1,"83557"
"WP_011006956.1:4","83557","10000253,10000000","WP_011006956.1",220,249,"ADDAVDIVSLVRSPTGDLSTEELSERRQTL",30,3,"split_03_20",1,"83557"
"WP_011096885.1:2","83555","10000000,9913","WP_011096885.1",117,132,"QAVPEYATVGSPYPIE",16,65,"split_02_20",-1,"83555"
"WP_011097151.1:2","83555","9913,10000000","WP_011097151.1",15,44,"NNPLSLSEGGRADEHTVVPMATQLPSPSLP",30,34,"split_05_20",-1,"83555"
"WP_011097151.1:4","83555","9913,10000000","WP_011097151.1",321,360,"SLASTAVTEHADIPRDPNRDPRGGRGGQSSPSVPLSAIRS",40,34,"split_05_20",-1,"83555"
"WP_011097327.1:2","83555","9940,10090","WP_011097327.1",1064,1087,"PTSNVYYSAHESVKQPENKTLADI",24,34,"split_05_20",1,"83555"
"WP_011324545.1:2","813","9606","WP_011324545.1",242,271,"ATWEDKNHLVPCWDEETKTYNKPLLFIQML",30,27,"split_05_20",1,"813"
"WP_011324779.1:2","813","9606","WP_011324779.1",100,129,"AQAVHGARDSGFNSDGSATLPSPTGTEVNG",30,42,"split_05_20",1,"813"
"WP_011324779.1:4","813","9606","WP_011324779.1",256,285,"ALDDVAGTATAVGAKATSGAASAASSAATK",30,42,"split_05_20",1,"813"
"WP_011457565.1:2","83556","10000253,10000000","WP_011457565.1",108,137,"DSASGNFKIGVKSVKNENGETVLVPCRILK",30,38,"split_05_20",1,"83556"
"WP_011457763.1:2","83556","10000253","WP_011457763.1",1055,1084,"PNVKSVEKIESPSAKSYYSNYEIEKNPIEK",30,56,"split_05_20",1,"83556"
"WP_011458010.1:2","83556","10000000,9913","WP_011458010.1",3,53,"APVENPSPMLSQVPDIRSGEREIQERNTGTTLVPGHSQTTTTLAKRTPVSE",51,5,"split_01_20",-1,"83556"
"WP_011458010.1:4","83556","9913,10000000","WP_011458010.1",289,323,"ASLRTSTENLKNVEGRITNSIANDRGASPSSTTVS",35,5,"split_01_20",-1,"83556"
"WP_011458010.1:6","83556","10000000,9913","WP_011458010.1",328,333,"LDVSGD",6,5,"split_01_20",-1,"83556"
"WP_011458010.1:7","83556","10000000,9913","WP_011458010.1",334,339,"LEDNSD",6,5,"split_01_20",1,"83556"
"WP_011458010.1:8","83556","9913,10000000","WP_011458010.1",340,347,"QQEDESQL",8,5,"split_01_20",-1,"83556"
"WP_011458503.1:2","83556","10000000","WP_011458503.1",160,175,"IGLAGTDFANQRPNVE",16,5,"split_01_20",1,"83556"
"WP_011458503.1:4","83556","10000000","WP_011458503.1",324,339,"LGVATTLDTSNKYADF",16,5,"split_01_20",1,"83556"
"WP_012728051.1:2","813","10090","WP_012728051.1",123,146,"SASPQASPTSSTFGLESALRSIGD",24,27,"split_05_20",-1,"813"
"WP_013712374.1:2","85991","10000000","WP_013712374.1",120,135,"TRQAQKGDGNSPNQGL",16,10,"split_03_20",1,"85991"
"WP_013712431.1:2","85991","10000000","WP_013712431.1",157,180,"GLIGISGSSLEGKYPNANISNGVV",24,34,"split_05_20",1,"85991"
"WP_013712431.1:4","85991","10000000","WP_013712431.1",311,338,"PIFNLTTWNPTLLGQATTVDGTNKFADS",28,34,"split_05_20",1,"85991"
"WP_013712431.1:6","85991","9940","WP_013712431.1",372,386,"TGELRLINERAAHLS",15,34,"split_05_20",-1,"85991"
"WP_013712473.1:2","85991","10000000,9913","WP_013712473.1",122,137,"DPSNKELSPNALYTKS",16,48,"split_05_20",-1,"85991"
"WP_013712473.1:4","85991","10000253,10000000,9913","WP_013712473.1",209,234,"IIRERRAYQRCLERLNQKEVGQEESG",26,48,"split_05_20",1,"85991"
"WP_013712473.1:5","85991","10000253,9913,10000000","WP_013712473.1",235,251,"SAQEVQAMRSSYVKRLR",17,48,"split_05_20",-1,"85991"
"WP_013747314.1:10","83554","10000000,9913","WP_013747314.1",320,356,"ILNITTWNPSLIGSTTALPNNSGKDVLSDVLQIASIQ",37,17,"split_05_20",-1,"83554"
"WP_013747314.1:12","83554","9913,10000000","WP_013747314.1",380,395,"WSITGEARLINERAAH",16,17,"split_05_20",-1,"83554"
"WP_013747314.1:2","83554","9913,10000000","WP_013747314.1",70,85,"FDRVLKVDVNKTFSGM",16,17,"split_05_20",-1,"83554"
"WP_013747314.1:4","83554","9913,10000000","WP_013747314.1",152,167,"SSAAFNLVGLIGFSAA",16,17,"split_05_20",-1,"83554"
"WP_013747314.1:6","83554","9913","WP_013747314.1",250,265,"ASSNFPLPITAGTTEA",16,17,"split_05_20",-1,"83554"
"WP_013747314.1:8","83554","9913,10000000","WP_013747314.1",299,315,"WSRATFDADTIRIAQPK",17,17,"split_05_20",-1,"83554"
"WP_014316057.1:2","813","9913,10000000","WP_014316057.1",374,389,"YAVTVETRLIDERAAH",16,5,"split_01_20",-1,"813"
"WP_014316057.1:3","813","10000000,9913","WP_014316057.1",390,396,"VNAQFRF",7,5,"split_01_20",1,"813"
"WP_014517508.1:2","83558","10000253,9606","WP_014517508.1",242,257,"VAFPLPTDAGVATATG",16,62,"split_02_20",-1,"83558"
"WP_014518146.1:4","83558","10000000,9913","WP_014518146.1",368,383,"FVYSNNENTALWKENQ",16,43,"split_01_20",-1,"83558"
"WP_014518146.1:8","83558","10000000","WP_014518146.1",824,839,"GVAAPQGSVTICGNQG",16,43,"split_01_20",1,"83558"
"WP_015386289.1:2","83554","10000000","WP_015386289.1",105,134,"YEVDSATGSFKIVTKNIQKPNGEVEIVSSR",30,54,"split_01_20",1,"83554"
"WP_015505658.1:2","813","9913,10000000","WP_015505658.1",97,134,"KRSPEEIEGAARPSDQQESGGRLSEESASPQASPTSST",38,31,"split_04_20",-1,"813"
"WP_020915667.1:2","813","10000000","WP_020915667.1",47,62,"LADTKAKDNTSHKSKK",16,68,"split_02_20",1,"813"
"WP_020915667.1:4","813","10000000,9913","WP_020915667.1",253,268,"ENPVPDGYAHSSGQRV",16,68,"split_02_20",-1,"813"
"WP_021756698.1:2","85991","9940,9913,10090","WP_021756698.1",297,320,"APAAPAAPENNDNNNDNNDDDAAS",24,27,"split_05_20",1,"85991"
"WP_021757039.1:2","85991","10000000","WP_021757039.1",230,245,"FTVHKPRGYVGQTLPL",16,66,"split_02_20",1,"85991"
"WP_021757595.1:2","85991","10000000","WP_021757595.1",65,94,"SSVSSVNVNAPHQSLERLENVCSVAQGVNN",30,5,"split_01_20",1,"85991"
"WP_021757689.1:2","85991","9913,10000000","WP_021757689.1",42,65,"VSMVNVMLNWVREKIVDPVRNSAF",24,5,"split_01_20",-1,"85991"
"WP_021828385.1:2","1457153","10000253","WP_021828385.1",297,326,"SEAATSTSTPEGETSETKEGEEDSSVVEFD",30,39,"split_05_20",1,"1457153"
"WP_021828820.1:2","1457153","9606,10090","WP_021828820.1",326,345,"NPSFLGSADAQATLVDSVQI",20,27,"split_05_20",1,"1457153"
"WP_035408633.1:2","85991","9940","WP_035408633.1",23,37,"ETIPIPSKNFNGQEG",15,5,"split_01_20",-1,"85991"
"WP_038455838.1:10","83560","10000000","WP_038455838.1",324,335,"GIDVDTKITDTL",12,17,"split_05_20",1,"83560"
"WP_038455838.1:2","83560","10000000,9913","WP_038455838.1",83,90,"EMGAAPTG",8,17,"split_05_20",-1,"83560"
"WP_038455838.1:3","83560","10000000,9913","WP_038455838.1",91,104,"DADLTTAPTPASRE",14,17,"split_05_20",1,"83560"
"WP_038455838.1:5","83560","10000000","WP_038455838.1",160,170,"RDETAVAADDI",11,17,"split_05_20",1,"83560"
"WP_038455838.1:7","83560","10000000","WP_038455838.1",242,257,"QEFPLNIKAGTVSATD",16,17,"split_05_20",1,"83560"
"WP_038500469.1:2","1457141","10000253","WP_038500469.1",322,351,"KDTAEVAAEGSGSTEESKGKEDDKSGDKKE",30,35,"split_04_20",1,"1457141"
"WP_041538079.1:10","85991","9940","WP_041538079.1",402,434,"ISVANSGTLALTANAGNIIFDHNLTVNTTTNTG",33,33,"split_03_20",-1,"85991"
"WP_041538079.1:12","85991","9940","WP_041538079.1",440,454,"THNAIHFNEGATFST",15,33,"split_03_20",-1,"85991"
"WP_041538079.1:13","85991","9940","WP_041538079.1",455,466,"LAASAGNSIYFY",12,33,"split_03_20",1,"85991"
"WP_041538079.1:14","85991","9940","WP_041538079.1",467,484,"DPITTDISTTAPQPPAQP",18,33,"split_03_20",-1,"85991"
"WP_041538079.1:2","85991","9940","WP_041538079.1",131,157,"HTLTSTEAGTGGTSNTVKANSAMLYST",27,33,"split_03_20",-1,"85991"
"WP_041538079.1:4","85991","9940","WP_041538079.1",239,265,"IYLGTYPPAGGTGTSSTGSLTASANSG",27,33,"split_03_20",-1,"85991"
"WP_041538079.1:6","85991","9940","WP_041538079.1",311,331,"STSTQPQTNITITGGFGGAIY",21,33,"split_03_20",-1,"85991"
"WP_041538079.1:8","85991","9940","WP_041538079.1",371,391,"EGGAIYAKKIVISDNGSTQFI",21,33,"split_03_20",-1,"85991"
"WP_045071687.1:2","83555","10000000","WP_045071687.1",89,104,"PTGTAAANYKTPTDRP",16,40,"split_03_20",1,"83555"
"WP_045071687.1:4","83555","10000000","WP_045071687.1",309,324,"AVLNLTTWNPTLLGEA",16,40,"split_03_20",1,"83555"
"WP_055347997.1:2","813","9606","WP_055347997.1",171,186,"FSKFSGDWDSLVEPMV",16,19,"split_04_20",1,"813"
"WP_055349032.1:2","813","9606","WP_055349032.1",37,66,"GTKSTPVAAKMTASDGISLTVSNNSSTNAS",30,46,"split_02_20",1,"813"
"WP_063328929.1:10","85991","9940","WP_063328929.1",310,321,"TLSSTSTQPQTN",12,33,"split_03_20",-1,"85991"
"WP_063328929.1:12","85991","9940","WP_063328929.1",325,339,"TGGFGGAIYCIAPQA",15,33,"split_03_20",-1,"85991"
"WP_063328929.1:14","85991","9940","WP_063328929.1",349,381,"TTTDPTLTCTGQTSLSFQGNCAASEGGAIYAKK",33,33,"split_03_20",-1,"85991"
"WP_063328929.1:16","85991","9940","WP_063328929.1",385,399,"SDNGSTQFIGNVSAK",15,33,"split_03_20",1,"85991"
"WP_063328929.1:18","85991","9940","WP_063328929.1",495,509,"GNYQGNIVFSGEKLP",15,33,"split_03_20",1,"85991"
"WP_063328929.1:2","85991","9940","WP_063328929.1",169,189,"TILFQQDRSAGPGAGINAASL",21,33,"split_03_20",-1,"85991"
"WP_063328929.1:4","85991","9940","WP_063328929.1",205,249,"SSSFGGALASVGPVKLVNNTAPQTFLSNGAAYYGGAIYLGTYPPA",45,33,"split_03_20",-1,"85991"
"WP_063328929.1:6","85991","9940","WP_063328929.1",271,294,"FQNNSALTGGAIYSLGNLTFSNNS",24,33,"split_03_20",-1,"85991"
"WP_063328929.1:9","85991","9940","WP_063328929.1",301,309,"NTASPASNI",9,33,"split_03_20",1,"85991"
"WP_063329231.1:10","85991","9940","WP_063329231.1",113,127,"LTLPLTLLNFKNILF",15,5,"split_01_20",1,"85991"
"WP_063329231.1:11","85991","9940","WP_063329231.1",128,139,"INSHTLTSTEAG",12,5,"split_01_20",-1,"85991"
"WP_063329231.1:13","85991","9940","WP_063329231.1",149,163,"ANSAMLYSTVPVIFK",15,5,"split_01_20",1,"85991"
"WP_063329231.1:14","85991","9940","WP_063329231.1",164,175,"DNQTILFQQDRS",12,5,"split_01_20",-1,"85991"
"WP_063329231.1:16","85991","9940","WP_063329231.1",179,211,"GAGINAASLTITGTTTSCSFDSNASSSFGGALA",33,5,"split_01_20",-1,"85991"
"WP_063329231.1:18","85991","9940","WP_063329231.1",258,272,"SLTASANSGKITFQN",15,5,"split_01_20",-1,"85991"
"WP_063329231.1:19","85991","9940","WP_063329231.1",273,278,"NSALTG",6,5,"split_01_20",1,"85991"
"WP_063329231.1:2","85991","9940","WP_063329231.1",29,43,"SKNFNGQEGRVFPYT",15,5,"split_01_20",1,"85991"
"WP_063329231.1:21","85991","9940","WP_063329231.1",397,411,"QFIGNVSAKGGAISV",15,5,"split_01_20",-1,"85991"
"WP_063329231.1:23","85991","9940","WP_063329231.1",453,467,"FNEGATFSTLAASAG",15,5,"split_01_20",-1,"85991"
"WP_063329231.1:25","85991","9940","WP_063329231.1",483,494,"TAPQPPAQPAAL",12,5,"split_01_20",-1,"85991"
"WP_063329231.1:26","85991","9940","WP_063329231.1",495,509,"TINPSSGNYQGNIVF",15,5,"split_01_20",1,"85991"
"WP_063329231.1:3","85991","9940","WP_063329231.1",44,58,"TLSNPEGTTAIFSGD",15,5,"split_01_20",-1,"85991"
"WP_063329231.1:4","85991","9940","WP_063329231.1",59,67,"LIISNIDNA",9,5,"split_01_20",1,"85991"
"WP_063329231.1:8","85991","9940","WP_063329231.1",77,91,"SNKAGYFTILGQGYT",15,5,"split_01_20",1,"85991"
"WP_063329231.1:9","85991","9940","WP_063329231.1",92,112,"LSFNQIRSASNGAAISDSVTD",21,5,"split_01_20",-1,"85991"
"WP_071804431.1:2","813","9606","WP_071804431.1",338,367,"EKEALEARCESIKKQIEDSSSDYDKEKLQE",30,35,"split_04_20",-1,"813"
"WP_071804431.1:4","813","9606","WP_071804431.1",519,544,"TEALIAEIPEEKPAAAPAMPGAGMDY",26,35,"split_04_20",1,"813"
"WP_071804540.1:2","813","9606","WP_071804540.1",272,301,"ETEQTESNGNQDGSSETEDTQVSESPESTP",30,41,"split_04_20",1,"813"
"WP_071804540.1:4","813","9606","WP_071804540.1",483,498,"APSLTEAESDQTDQTE",16,41,"split_04_20",1,"813"
"WP_071804540.1:6","813","9606","WP_071804540.1",608,637,"AIVESTPEAPEEIPPVEGEESTATEDPNSN",30,41,"split_04_20",1,"813"
"WP_071804540.1:8","813","9606","WP_071804540.1",1299,1314,"EEQNNNDASNQGESAN",16,41,"split_04_20",1,"813"
"WP_071804673.1:2","813","10000253,9606","WP_071804673.1",536,565,"ARAPQALPTQEEFPLFSKKEGRPLSSGYSG",30,27,"split_05_20",1,"813"
"WP_071804673.1:4","813","9606","WP_071804673.1",727,742,"EKVEEVEPAPEQKDNN",16,27,"split_05_20",1,"813"
"WP_071804673.1:6","813","9606","WP_071804673.1",760,775,"QALFASEDGDLSPESS",16,27,"split_05_20",1,"813"
"WP_071804673.1:8","813","10000253,9606","WP_071804673.1",1036,1065,"SGTPVQQGHAISKPEAEIESSSEPEGAHSL",30,27,"split_05_20",1,"813"
"WP_071804721.1:2","813","9606","WP_071804721.1",198,227,"SSGVPNLCSLRTSITNTGLTPTTYSLRVGG",30,59,"split_02_20",1,"813"
"WP_072667782.1:2","83555","10000253","WP_072667782.1",576,605,"LPLPLSPTPAEESSTSNAPIESSTPVNLGV",30,3,"split_03_20",1,"83555"
"WP_080125289.1:2","83559","10000000","WP_080125289.1",535,564,"NARAPQAVPTRDPEEVFSLSAESLNGCSGG",30,67,"split_02_20",1,"83559"
"WP_080132477.1:2","83559","10000000","WP_080132477.1",207,212,"EERCNR",6,27,"split_05_20",1,"83559"
"WP_080132477.1:3","83559","10090,10000000","WP_080132477.1",213,236,"ILCGQADEVLGINNTMCEQFVRQR",24,27,"split_05_20",-1,"83559"
"WP_080140770.1:2","83559","10000000,9913","WP_080140770.1",218,235,"LANIKEALSKEAPSKPSR",18,73,"split_02_20",1,"83559"
"WP_080141095.1:2","83559","10000000,9913","WP_080141095.1",292,354,"PPSQTPPPCPPRTTCPPPESSTAALLPPSDSLPHPEQPSRRTPALFSNWPLRNLFNRNKYSKL",63,65,"split_02_20",-1,"83559"
"WP_080141740.1:2","83559","9940,10090","WP_080141740.1",259,282,"LANIKEALIKPSRPPLPKNGFPRT",24,27,"split_05_20",-1,"83559"
"WP_080141913.1:2","83559","10000253","WP_080141913.1",207,236,"EERCNRILCGQADEVLGINNTMCEQFVRQR",30,33,"split_03_20",1,"83559"
"WP_080142365.1:2","83559","10000000","WP_080142365.1",207,236,"EERCNRILCGQADEVLGINNTMCEQFVRQR",30,35,"split_04_20",1,"83559"
"WP_080142397.1:2","83559","10000000","WP_080142397.1",183,212,"DIFETAKQAPSTQEGTSKETSFSERLTKAR",30,54,"split_01_20",1,"83559"
"WP_080691652.1:1","83559","9913,10000000","WP_080691652.1",1,20,"MTTPTLITPSSPPPTPHSSS",20,18,"split_03_20",-1,"83559"
"WP_080691652.1:3","83559","9913,10000000","WP_080691652.1",238,254,"LNISCSFREQIATQKAE",17,18,"split_03_20",-1,"83559"
"WP_086384182.1:2","83555","10000000","WP_086384182.1",324,353,"STAVTEHADIPRDPNRDPRGGRGGQSSPSV",30,35,"split_04_20",1,"83555"
"WP_087877786.1:2","83559","9913,10000000","WP_087877786.1",21,40,"ASDIKHSSSLPKLSLLDTIQ",20,39,"split_05_20",-1,"83559"
"WP_099709995.1:2","83554","9940,10090","WP_099709995.1",108,131,"DSATGSFKIVTKNIQKPNGEVEIV",24,34,"split_05_20",1,"83554"
"WP_099709995.1:4","83554","10090","WP_099709995.1",198,221,"IVSTLRSTDFDPSYEDLVQRRVTL",24,34,"split_05_20",1,"83554"
"WP_109141194.1:2","83559","9913,10000000","WP_109141194.1",206,221,"CPEIRSVTKCGQPAIC",16,70,"split_02_20",-1,"83559"
"WP_109141194.1:4","83559","9913,10000000","WP_109141194.1",330,345,"IAGADWSYVCKPVEYV",16,70,"split_02_20",-1,"83559"
"WP_109141194.1:6","83559","9913,10000000","WP_109141194.1",488,503,"PVSFSGPTKGTITGNT",16,70,"split_02_20",-1,"83559"
"WP_109141194.1:8","83559","9913,10000000","WP_109141194.1",518,556,"VEFSVTLKAVSAGDARGEAILSSDTLTVPVSDTENTHIY",39,70,"split_02_20",-1,"83559"
"WP_139415141.1:2","83555","10000000","WP_139415141.1",576,605,"LPLPLSPTPAEESSTSNAPIESSTPVNLGV",30,67,"split_02_20",1,"83555"
"WP_148174342.1:2","83556","10000000","WP_148174342.1",139,168,"ADDVLSIIDNVRSGNNEGETSCEAIEERRQ",30,54,"split_01_20",1,"83556"
"YP_328507.1:2","315277","10000252,10000251,10000000,10000649,10000047,10000263,10000063","YP_328507.1",85,90,"GAAPTT",6,5,"split_01_20",-1,"315277"
"YP_328507.1:3","315277","10000252,10000251,10000000,10000649,10000047,10000263,10000063,10000253,10000228","YP_328507.1",91,103,"SDVAGLEKDPVAN",13,5,"split_01_20",1,"315277"
"YP_328507.1:6","315277","10000253","YP_328507.1",128,152,"ALNIWDRFDVFCTLGATTGYLKGNS",25,5,"split_01_20",-1,"315277"
